#
# There is insufficient memory for the Java Runtime Environment to continue.
# Native memory allocation (mmap) failed to map 2097152 bytes. Error detail: G1 virtual space
# Possible reasons:
#   The system is out of physical RAM or swap space
#   This process is running with CompressedOops enabled, and the Java Heap may be blocking the growth of the native heap
# Possible solutions:
#   Reduce memory load on the system
#   Increase physical memory or swap space
#   Check if swap backing store is full
#   Decrease Java heap size (-Xmx/-Xms)
#   Decrease number of Java threads
#   Decrease Java thread stack sizes (-Xss)
#   Set larger code cache with -XX:ReservedCodeCacheSize=
#   JVM is running with Zero Based Compressed Oops mode in which the Java heap is
#     placed in the first 32GB address space. The Java Heap base address is the
#     maximum limit for the native heap growth. Please use -XX:HeapBaseMinAddress
#     to set the Java Heap base and to place the Java Heap above 32GB virtual address.
# This output file may be truncated or incomplete.
#
#  Out of Memory Error (os_windows.cpp:3618), pid=23280, tid=6732
#
# JRE version: OpenJDK Runtime Environment Corretto-17.0.15.6.1 (17.0.15+6) (build 17.0.15+6-LTS)
# Java VM: OpenJDK 64-Bit Server VM Corretto-17.0.15.6.1 (17.0.15+6-LTS, mixed mode, sharing, tiered, compressed oops, compressed class ptrs, g1 gc, windows-amd64)
# No core dump will be written. Minidumps are not enabled by default on client versions of Windows
#

---------------  S U M M A R Y ------------

Command Line: -Xmx12G core.DTNSim -b 1 .\Bench_CCRouting_PaperReplication.txt

Host: 11th Gen Intel(R) Core(TM) i5-11400H @ 2.70GHz, 12 cores, 15G,  Windows 11 , 64 bit Build 26100 (10.0.26100.4484)
Time: Wed Apr 29 16:16:23 2026 SE Asia Standard Time elapsed time: 362.019128 seconds (0d 0h 6m 2s)

---------------  T H R E A D  ---------------

Current thread (0x0000018aff191e60):  VMThread "VM Thread" [stack: 0x0000004decf00000,0x0000004ded000000] [id=6732]

Stack: [0x0000004decf00000,0x0000004ded000000]
Native frames: (J=compiled Java code, j=interpreted, Vv=VM code, C=native code)
V  [jvm.dll+0x681149]
V  [jvm.dll+0x838b5a]
V  [jvm.dll+0x83a61e]
V  [jvm.dll+0x83ac83]
V  [jvm.dll+0x24837f]
V  [jvm.dll+0x67de79]
V  [jvm.dll+0x67294a]
V  [jvm.dll+0x30836b]
V  [jvm.dll+0x30f856]
V  [jvm.dll+0x35fbe3]
V  [jvm.dll+0x35fe0f]
V  [jvm.dll+0x2df31c]
V  [jvm.dll+0x2dd6df]
V  [jvm.dll+0x2dce0c]
V  [jvm.dll+0x3205ab]
V  [jvm.dll+0x83f17d]
V  [jvm.dll+0x83fec2]
V  [jvm.dll+0x8403ef]
V  [jvm.dll+0x8407d4]
V  [jvm.dll+0x8408a0]
V  [jvm.dll+0x7e7f8c]
V  [jvm.dll+0x680017]
C  [ucrtbase.dll+0x37b0]
C  [KERNEL32.DLL+0x2e8d7]
C  [ntdll.dll+0x3c34c]

VM_Operation (0x0000004dec9feae0): G1CollectForAllocation, mode: safepoint, requested by thread 0x0000018ae375b9f0


---------------  P R O C E S S  ---------------

Threads class SMR info:
_java_thread_list=0x0000018adb5e7a60, length=12, elements={
0x0000018ae375b9f0, 0x0000018aff197d20, 0x0000018aff1985f0, 0x0000018aff1b56b0,
0x0000018aff1b5f80, 0x0000018aff1b7860, 0x0000018aff1b8130, 0x0000018aff1bcd50,
0x0000018aff1c8a90, 0x0000018aff1cc8a0, 0x0000018adb17b580, 0x0000018adb184550
}

Java Threads: ( => current thread )
  0x0000018ae375b9f0 JavaThread "main" [_thread_blocked, id=16640, stack(0x0000004dec900000,0x0000004deca00000)]
  0x0000018aff197d20 JavaThread "Reference Handler" daemon [_thread_blocked, id=24596, stack(0x0000004ded000000,0x0000004ded100000)]
  0x0000018aff1985f0 JavaThread "Finalizer" daemon [_thread_blocked, id=27220, stack(0x0000004ded100000,0x0000004ded200000)]
  0x0000018aff1b56b0 JavaThread "Signal Dispatcher" daemon [_thread_blocked, id=16628, stack(0x0000004ded200000,0x0000004ded300000)]
  0x0000018aff1b5f80 JavaThread "Attach Listener" daemon [_thread_blocked, id=16808, stack(0x0000004ded300000,0x0000004ded400000)]
  0x0000018aff1b7860 JavaThread "Service Thread" daemon [_thread_blocked, id=22200, stack(0x0000004ded400000,0x0000004ded500000)]
  0x0000018aff1b8130 JavaThread "Monitor Deflation Thread" daemon [_thread_blocked, id=15276, stack(0x0000004ded500000,0x0000004ded600000)]
  0x0000018aff1bcd50 JavaThread "C2 CompilerThread0" daemon [_thread_blocked, id=26816, stack(0x0000004ded600000,0x0000004ded700000)]
  0x0000018aff1c8a90 JavaThread "C1 CompilerThread0" daemon [_thread_blocked, id=11980, stack(0x0000004ded700000,0x0000004ded800000)]
  0x0000018aff1cc8a0 JavaThread "Sweeper thread" daemon [_thread_blocked, id=14660, stack(0x0000004ded800000,0x0000004ded900000)]
  0x0000018adb17b580 JavaThread "Notification Thread" daemon [_thread_blocked, id=34388, stack(0x0000004ded900000,0x0000004deda00000)]
  0x0000018adb184550 JavaThread "Common-Cleaner" daemon [_thread_blocked, id=17108, stack(0x0000004dedb00000,0x0000004dedc00000)]

Other Threads:
=>0x0000018aff191e60 VMThread "VM Thread" [stack: 0x0000004decf00000,0x0000004ded000000] [id=6732]
  0x0000018adb17be70 WatcherThread [stack: 0x0000004deda00000,0x0000004dedb00000] [id=16172]
  0x0000018aff0313b0 GCTaskThread "GC Thread#0" [stack: 0x0000004deca00000,0x0000004decb00000] [id=11768]
  0x0000018adb93cab0 GCTaskThread "GC Thread#1" [stack: 0x0000004dede00000,0x0000004dedf00000] [id=6440]
  0x0000018adb93cd70 GCTaskThread "GC Thread#2" [stack: 0x0000004dedf00000,0x0000004dee000000] [id=5432]
  0x0000018adb93d030 GCTaskThread "GC Thread#3" [stack: 0x0000004dee000000,0x0000004dee100000] [id=35120]
  0x0000018adb93bcf0 GCTaskThread "GC Thread#4" [stack: 0x0000004dee100000,0x0000004dee200000] [id=12888]
  0x0000018adb93bfb0 GCTaskThread "GC Thread#5" [stack: 0x0000004dee200000,0x0000004dee300000] [id=5312]
  0x0000018adb93d5b0 GCTaskThread "GC Thread#6" [stack: 0x0000004deec00000,0x0000004deed00000] [id=18276]
  0x0000018adb93d870 GCTaskThread "GC Thread#7" [stack: 0x0000004deed00000,0x0000004deee00000] [id=23304]
  0x0000018adb93c530 GCTaskThread "GC Thread#8" [stack: 0x0000004deee00000,0x0000004deef00000] [id=15848]
  0x0000018adb93c7f0 GCTaskThread "GC Thread#9" [stack: 0x0000004dedc00000,0x0000004dedd00000] [id=33772]
  0x0000018ae37f1f80 ConcurrentGCThread "G1 Main Marker" [stack: 0x0000004decb00000,0x0000004decc00000] [id=8468]
  0x0000018ae37f3480 ConcurrentGCThread "G1 Conc#0" [stack: 0x0000004decc00000,0x0000004decd00000] [id=2820]
  0x0000018aff0d2410 ConcurrentGCThread "G1 Refine#0" [stack: 0x0000004decd00000,0x0000004dece00000] [id=22616]
  0x0000018adb652950 ConcurrentGCThread "G1 Refine#1" [stack: 0x0000004dee300000,0x0000004dee400000] [id=23764]
  0x0000018adb5f2670 ConcurrentGCThread "G1 Refine#2" [stack: 0x0000004dee400000,0x0000004dee500000] [id=14652]
  0x0000018adbbd3320 ConcurrentGCThread "G1 Refine#3" [stack: 0x0000004dee500000,0x0000004dee600000] [id=22056]
  0x0000018adb9cade0 ConcurrentGCThread "G1 Refine#4" [stack: 0x0000004dee600000,0x0000004dee700000] [id=28604]
  0x0000018adb9cb4e0 ConcurrentGCThread "G1 Refine#5" [stack: 0x0000004dee700000,0x0000004dee800000] [id=11040]
  0x0000018adb9cbbe0 ConcurrentGCThread "G1 Refine#6" [stack: 0x0000004dee800000,0x0000004dee900000] [id=35420]
  0x0000018adbc88b30 ConcurrentGCThread "G1 Refine#7" [stack: 0x0000004dee900000,0x0000004deea00000] [id=16192]
  0x0000018ae04677a0 ConcurrentGCThread "G1 Refine#8" [stack: 0x0000004deea00000,0x0000004deeb00000] [id=32076]
  0x0000018ae05184d0 ConcurrentGCThread "G1 Refine#9" [stack: 0x0000004deeb00000,0x0000004deec00000] [id=13840]
  0x0000018aff0d3b00 ConcurrentGCThread "G1 Service" [stack: 0x0000004dece00000,0x0000004decf00000] [id=24904]

Threads with active compile tasks:

VM state: at safepoint (normal execution)

VM Mutex/Monitor currently owned by a thread:  ([mutex/lock_event])
[0x0000018ae152c030] Threads_lock - owner thread: 0x0000018aff191e60
[0x0000018ae152b730] Heap_lock - owner thread: 0x0000018ae375b9f0

Heap address: 0x0000000500000000, size: 12288 MB, Compressed Oops mode: Zero based, Oop shift amount: 3

CDS archive(s) mapped at: [0x0000018a9a000000-0x0000018a9abb0000-0x0000018a9abb0000), size 12255232, SharedBaseAddress: 0x0000018a9a000000, ArchiveRelocationMode: 1.
Compressed class space mapped at: 0x0000018a9b000000-0x0000018adb000000, reserved size: 1073741824
Narrow klass base: 0x0000018a9a000000, Narrow klass shift: 0, Narrow klass range: 0x100000000

GC Precious Log:
 CPUs: 12 total, 12 available
 Memory: 16163M
 Large Page Support: Disabled
 NUMA Support: Disabled
 Compressed Oops: Enabled (Zero based)
 Heap Region Size: 8M
 Heap Min Capacity: 8M
 Heap Initial Capacity: 256M
 Heap Max Capacity: 12G
 Pre-touch: Disabled
 Parallel Workers: 10
 Concurrent Workers: 3
 Concurrent Refinement Workers: 10
 Periodic GC: Disabled

Heap:
 garbage-first heap   total 9437184K, used 3224823K [0x0000000500000000, 0x0000000800000000)
  region size 8192K, 10 young (81920K), 10 survivors (81920K)
 Metaspace       used 1841K, committed 1984K, reserved 1114112K
  class space    used 117K, committed 192K, reserved 1048576K

Heap Regions: E=young(eden), S=young(survivor), O=old, HS=humongous(starts), HC=humongous(continues), CS=collection set, F=free, OA=open archive, CA=closed archive, TAMS=top-at-mark-start (previous, next)
|   0|0x0000000500000000, 0x0000000500800000, 0x0000000500800000|100%| O|  |TAMS 0x0000000500000000, 0x0000000500000000| Untracked 
|   1|0x0000000500800000, 0x0000000501000000, 0x0000000501000000|100%| O|  |TAMS 0x0000000500800000, 0x0000000500800000| Untracked 
|   2|0x0000000501000000, 0x0000000501800000, 0x0000000501800000|100%| O|  |TAMS 0x0000000501000000, 0x0000000501000000| Untracked 
|   3|0x0000000501800000, 0x0000000502000000, 0x0000000502000000|100%| O|  |TAMS 0x0000000501800000, 0x0000000501800000| Untracked 
|   4|0x0000000502000000, 0x0000000502800000, 0x0000000502800000|100%| O|  |TAMS 0x0000000502000000, 0x0000000502000000| Untracked 
|   5|0x0000000502800000, 0x0000000503000000, 0x0000000503000000|100%| O|  |TAMS 0x0000000502800000, 0x0000000502800000| Untracked 
|   6|0x0000000503000000, 0x0000000503800000, 0x0000000503800000|100%| O|  |TAMS 0x0000000503000000, 0x0000000503000000| Untracked 
|   7|0x0000000503800000, 0x0000000504000000, 0x0000000504000000|100%| O|  |TAMS 0x0000000503800000, 0x0000000503800000| Untracked 
|   8|0x0000000504000000, 0x0000000504800000, 0x0000000504800000|100%| O|  |TAMS 0x0000000504000000, 0x0000000504000000| Untracked 
|   9|0x0000000504800000, 0x0000000505000000, 0x0000000505000000|100%| O|  |TAMS 0x0000000504800000, 0x0000000504800000| Untracked 
|  10|0x0000000505000000, 0x0000000505800000, 0x0000000505800000|100%| O|  |TAMS 0x0000000505000000, 0x0000000505000000| Untracked 
|  11|0x0000000505800000, 0x0000000506000000, 0x0000000506000000|100%| O|  |TAMS 0x0000000505800000, 0x0000000505800000| Untracked 
|  12|0x0000000506000000, 0x0000000506800000, 0x0000000506800000|100%| O|  |TAMS 0x0000000506000000, 0x0000000506000000| Untracked 
|  13|0x0000000506800000, 0x0000000507000000, 0x0000000507000000|100%| O|  |TAMS 0x0000000506800000, 0x0000000506800000| Untracked 
|  14|0x0000000507000000, 0x0000000507800000, 0x0000000507800000|100%| O|  |TAMS 0x0000000507000000, 0x0000000507000000| Untracked 
|  15|0x0000000507800000, 0x0000000508000000, 0x0000000508000000|100%| O|  |TAMS 0x0000000507800000, 0x0000000507800000| Untracked 
|  16|0x0000000508000000, 0x0000000508800000, 0x0000000508800000|100%| O|  |TAMS 0x0000000508000000, 0x0000000508000000| Untracked 
|  17|0x0000000508800000, 0x0000000509000000, 0x0000000509000000|100%| O|  |TAMS 0x0000000508800000, 0x0000000508800000| Untracked 
|  18|0x0000000509000000, 0x0000000509800000, 0x0000000509800000|100%| O|  |TAMS 0x0000000509000000, 0x0000000509000000| Untracked 
|  19|0x0000000509800000, 0x000000050a000000, 0x000000050a000000|100%| O|  |TAMS 0x0000000509800000, 0x0000000509800000| Untracked 
|  20|0x000000050a000000, 0x000000050a800000, 0x000000050a800000|100%| O|  |TAMS 0x000000050a000000, 0x000000050a000000| Untracked 
|  21|0x000000050a800000, 0x000000050b000000, 0x000000050b000000|100%| O|  |TAMS 0x000000050a800000, 0x000000050a800000| Untracked 
|  22|0x000000050b000000, 0x000000050b800000, 0x000000050b800000|100%| O|  |TAMS 0x000000050b000000, 0x000000050b000000| Untracked 
|  23|0x000000050b800000, 0x000000050c000000, 0x000000050c000000|100%| O|  |TAMS 0x000000050b800000, 0x000000050b800000| Untracked 
|  24|0x000000050c000000, 0x000000050c800000, 0x000000050c800000|100%| O|  |TAMS 0x000000050c000000, 0x000000050c000000| Untracked 
|  25|0x000000050c800000, 0x000000050d000000, 0x000000050d000000|100%| O|  |TAMS 0x000000050c800000, 0x000000050c800000| Untracked 
|  26|0x000000050d000000, 0x000000050d800000, 0x000000050d800000|100%| O|  |TAMS 0x000000050d000000, 0x000000050d000000| Untracked 
|  27|0x000000050d800000, 0x000000050e000000, 0x000000050e000000|100%| O|  |TAMS 0x000000050d800000, 0x000000050d800000| Untracked 
|  28|0x000000050e000000, 0x000000050e800000, 0x000000050e800000|100%| O|  |TAMS 0x000000050e000000, 0x000000050e000000| Untracked 
|  29|0x000000050e800000, 0x000000050f000000, 0x000000050f000000|100%| O|  |TAMS 0x000000050e800000, 0x000000050e800000| Untracked 
|  30|0x000000050f000000, 0x000000050f800000, 0x000000050f800000|100%| O|  |TAMS 0x000000050f000000, 0x000000050f000000| Untracked 
|  31|0x000000050f800000, 0x0000000510000000, 0x0000000510000000|100%| O|  |TAMS 0x000000050f800000, 0x000000050f800000| Untracked 
|  32|0x0000000510000000, 0x0000000510800000, 0x0000000510800000|100%| O|  |TAMS 0x0000000510000000, 0x0000000510000000| Untracked 
|  33|0x0000000510800000, 0x0000000511000000, 0x0000000511000000|100%| O|  |TAMS 0x0000000510800000, 0x0000000510800000| Untracked 
|  34|0x0000000511000000, 0x0000000511800000, 0x0000000511800000|100%| O|  |TAMS 0x0000000511000000, 0x0000000511000000| Untracked 
|  35|0x0000000511800000, 0x0000000512000000, 0x0000000512000000|100%| O|  |TAMS 0x0000000511800000, 0x0000000511800000| Untracked 
|  36|0x0000000512000000, 0x0000000512800000, 0x0000000512800000|100%| O|  |TAMS 0x0000000512000000, 0x0000000512000000| Untracked 
|  37|0x0000000512800000, 0x0000000513000000, 0x0000000513000000|100%| O|  |TAMS 0x0000000512800000, 0x0000000512800000| Untracked 
|  38|0x0000000513000000, 0x0000000513800000, 0x0000000513800000|100%| O|  |TAMS 0x0000000513000000, 0x0000000513000000| Untracked 
|  39|0x0000000513800000, 0x0000000514000000, 0x0000000514000000|100%| O|  |TAMS 0x0000000513800000, 0x0000000513800000| Untracked 
|  40|0x0000000514000000, 0x0000000514800000, 0x0000000514800000|100%| O|  |TAMS 0x0000000514000000, 0x0000000514000000| Untracked 
|  41|0x0000000514800000, 0x0000000515000000, 0x0000000515000000|100%| O|  |TAMS 0x0000000514800000, 0x0000000514800000| Untracked 
|  42|0x0000000515000000, 0x0000000515800000, 0x0000000515800000|100%| O|  |TAMS 0x0000000515000000, 0x0000000515000000| Untracked 
|  43|0x0000000515800000, 0x0000000516000000, 0x0000000516000000|100%| O|  |TAMS 0x0000000515800000, 0x0000000515800000| Untracked 
|  44|0x0000000516000000, 0x0000000516800000, 0x0000000516800000|100%| O|  |TAMS 0x0000000516000000, 0x0000000516000000| Untracked 
|  45|0x0000000516800000, 0x0000000517000000, 0x0000000517000000|100%| O|  |TAMS 0x0000000516800000, 0x0000000516800000| Untracked 
|  46|0x0000000517000000, 0x0000000517800000, 0x0000000517800000|100%| O|  |TAMS 0x0000000517000000, 0x0000000517000000| Untracked 
|  47|0x0000000517800000, 0x0000000518000000, 0x0000000518000000|100%| O|  |TAMS 0x0000000517800000, 0x0000000517800000| Untracked 
|  48|0x0000000518000000, 0x0000000518800000, 0x0000000518800000|100%| O|  |TAMS 0x0000000518000000, 0x0000000518000000| Untracked 
|  49|0x0000000518800000, 0x0000000519000000, 0x0000000519000000|100%| O|  |TAMS 0x0000000518800000, 0x0000000518800000| Untracked 
|  50|0x0000000519000000, 0x0000000519800000, 0x0000000519800000|100%| O|  |TAMS 0x0000000519000000, 0x0000000519000000| Untracked 
|  51|0x0000000519800000, 0x000000051a000000, 0x000000051a000000|100%| O|  |TAMS 0x0000000519800000, 0x0000000519800000| Untracked 
|  52|0x000000051a000000, 0x000000051a800000, 0x000000051a800000|100%| O|  |TAMS 0x000000051a000000, 0x000000051a000000| Untracked 
|  53|0x000000051a800000, 0x000000051b000000, 0x000000051b000000|100%| O|  |TAMS 0x000000051a800000, 0x000000051a800000| Untracked 
|  54|0x000000051b000000, 0x000000051b800000, 0x000000051b800000|100%| O|  |TAMS 0x000000051b000000, 0x000000051b000000| Untracked 
|  55|0x000000051b800000, 0x000000051c000000, 0x000000051c000000|100%| O|  |TAMS 0x000000051b800000, 0x000000051b800000| Untracked 
|  56|0x000000051c000000, 0x000000051c800000, 0x000000051c800000|100%| O|  |TAMS 0x000000051c000000, 0x000000051c000000| Untracked 
|  57|0x000000051c800000, 0x000000051d000000, 0x000000051d000000|100%| O|  |TAMS 0x000000051c800000, 0x000000051c800000| Untracked 
|  58|0x000000051d000000, 0x000000051d800000, 0x000000051d800000|100%| O|  |TAMS 0x000000051d000000, 0x000000051d000000| Untracked 
|  59|0x000000051d800000, 0x000000051e000000, 0x000000051e000000|100%| O|  |TAMS 0x000000051d800000, 0x000000051d800000| Untracked 
|  60|0x000000051e000000, 0x000000051e800000, 0x000000051e800000|100%| O|  |TAMS 0x000000051e000000, 0x000000051e000000| Untracked 
|  61|0x000000051e800000, 0x000000051f000000, 0x000000051f000000|100%| O|  |TAMS 0x000000051e800000, 0x000000051e800000| Untracked 
|  62|0x000000051f000000, 0x000000051f800000, 0x000000051f800000|100%| O|  |TAMS 0x000000051f000000, 0x000000051f000000| Untracked 
|  63|0x000000051f800000, 0x0000000520000000, 0x0000000520000000|100%| O|  |TAMS 0x000000051f800000, 0x000000051f800000| Untracked 
|  64|0x0000000520000000, 0x0000000520800000, 0x0000000520800000|100%| O|  |TAMS 0x0000000520000000, 0x0000000520000000| Untracked 
|  65|0x0000000520800000, 0x0000000521000000, 0x0000000521000000|100%| O|  |TAMS 0x0000000520800000, 0x0000000520800000| Untracked 
|  66|0x0000000521000000, 0x0000000521800000, 0x0000000521800000|100%| O|  |TAMS 0x0000000521000000, 0x0000000521000000| Untracked 
|  67|0x0000000521800000, 0x0000000522000000, 0x0000000522000000|100%| O|  |TAMS 0x0000000521800000, 0x0000000521800000| Untracked 
|  68|0x0000000522000000, 0x0000000522800000, 0x0000000522800000|100%| O|  |TAMS 0x0000000522000000, 0x0000000522000000| Untracked 
|  69|0x0000000522800000, 0x0000000523000000, 0x0000000523000000|100%| O|  |TAMS 0x0000000522800000, 0x0000000522800000| Untracked 
|  70|0x0000000523000000, 0x0000000523800000, 0x0000000523800000|100%| O|  |TAMS 0x0000000523000000, 0x0000000523000000| Untracked 
|  71|0x0000000523800000, 0x0000000524000000, 0x0000000524000000|100%| O|  |TAMS 0x0000000523800000, 0x0000000523800000| Untracked 
|  72|0x0000000524000000, 0x0000000524800000, 0x0000000524800000|100%| O|  |TAMS 0x0000000524000000, 0x0000000524000000| Untracked 
|  73|0x0000000524800000, 0x0000000525000000, 0x0000000525000000|100%| O|  |TAMS 0x0000000524800000, 0x0000000524800000| Untracked 
|  74|0x0000000525000000, 0x0000000525800000, 0x0000000525800000|100%| O|  |TAMS 0x0000000525000000, 0x0000000525000000| Untracked 
|  75|0x0000000525800000, 0x0000000526000000, 0x0000000526000000|100%| O|  |TAMS 0x0000000525800000, 0x0000000525800000| Untracked 
|  76|0x0000000526000000, 0x0000000526800000, 0x0000000526800000|100%| O|  |TAMS 0x0000000526000000, 0x0000000526000000| Untracked 
|  77|0x0000000526800000, 0x0000000527000000, 0x0000000527000000|100%| O|  |TAMS 0x0000000526800000, 0x0000000526800000| Untracked 
|  78|0x0000000527000000, 0x0000000527800000, 0x0000000527800000|100%| O|  |TAMS 0x0000000527000000, 0x0000000527000000| Untracked 
|  79|0x0000000527800000, 0x0000000528000000, 0x0000000528000000|100%| O|  |TAMS 0x0000000527800000, 0x0000000527800000| Untracked 
|  80|0x0000000528000000, 0x0000000528800000, 0x0000000528800000|100%| O|  |TAMS 0x0000000528000000, 0x0000000528000000| Untracked 
|  81|0x0000000528800000, 0x0000000529000000, 0x0000000529000000|100%| O|  |TAMS 0x0000000528800000, 0x0000000528800000| Untracked 
|  82|0x0000000529000000, 0x0000000529800000, 0x0000000529800000|100%| O|  |TAMS 0x0000000529000000, 0x0000000529000000| Untracked 
|  83|0x0000000529800000, 0x000000052a000000, 0x000000052a000000|100%| O|  |TAMS 0x0000000529800000, 0x0000000529800000| Untracked 
|  84|0x000000052a000000, 0x000000052a800000, 0x000000052a800000|100%| O|  |TAMS 0x000000052a000000, 0x000000052a000000| Untracked 
|  85|0x000000052a800000, 0x000000052b000000, 0x000000052b000000|100%| O|  |TAMS 0x000000052a800000, 0x000000052a800000| Untracked 
|  86|0x000000052b000000, 0x000000052b800000, 0x000000052b800000|100%| O|  |TAMS 0x000000052b000000, 0x000000052b000000| Untracked 
|  87|0x000000052b800000, 0x000000052c000000, 0x000000052c000000|100%| O|  |TAMS 0x000000052b800000, 0x000000052b800000| Untracked 
|  88|0x000000052c000000, 0x000000052c800000, 0x000000052c800000|100%| O|  |TAMS 0x000000052c000000, 0x000000052c000000| Untracked 
|  89|0x000000052c800000, 0x000000052d000000, 0x000000052d000000|100%| O|  |TAMS 0x000000052c800000, 0x000000052c800000| Untracked 
|  90|0x000000052d000000, 0x000000052d800000, 0x000000052d800000|100%| O|  |TAMS 0x000000052d000000, 0x000000052d000000| Untracked 
|  91|0x000000052d800000, 0x000000052e000000, 0x000000052e000000|100%| O|  |TAMS 0x000000052d800000, 0x000000052d800000| Untracked 
|  92|0x000000052e000000, 0x000000052e800000, 0x000000052e800000|100%| O|  |TAMS 0x000000052e000000, 0x000000052e000000| Untracked 
|  93|0x000000052e800000, 0x000000052f000000, 0x000000052f000000|100%| O|  |TAMS 0x000000052e800000, 0x000000052e800000| Untracked 
|  94|0x000000052f000000, 0x000000052f800000, 0x000000052f800000|100%| O|  |TAMS 0x000000052f000000, 0x000000052f000000| Untracked 
|  95|0x000000052f800000, 0x0000000530000000, 0x0000000530000000|100%| O|  |TAMS 0x000000052f800000, 0x000000052f800000| Untracked 
|  96|0x0000000530000000, 0x0000000530800000, 0x0000000530800000|100%| O|  |TAMS 0x0000000530000000, 0x0000000530000000| Untracked 
|  97|0x0000000530800000, 0x0000000531000000, 0x0000000531000000|100%| O|  |TAMS 0x0000000530800000, 0x0000000530800000| Untracked 
|  98|0x0000000531000000, 0x0000000531800000, 0x0000000531800000|100%| O|  |TAMS 0x0000000531000000, 0x0000000531000000| Untracked 
|  99|0x0000000531800000, 0x0000000532000000, 0x0000000532000000|100%| O|  |TAMS 0x0000000531800000, 0x0000000531800000| Untracked 
| 100|0x0000000532000000, 0x0000000532800000, 0x0000000532800000|100%| O|  |TAMS 0x0000000532000000, 0x0000000532000000| Untracked 
| 101|0x0000000532800000, 0x0000000533000000, 0x0000000533000000|100%| O|  |TAMS 0x0000000532800000, 0x0000000532800000| Untracked 
| 102|0x0000000533000000, 0x0000000533800000, 0x0000000533800000|100%| O|  |TAMS 0x0000000533000000, 0x0000000533000000| Untracked 
| 103|0x0000000533800000, 0x0000000534000000, 0x0000000534000000|100%| O|  |TAMS 0x0000000533800000, 0x0000000533800000| Untracked 
| 104|0x0000000534000000, 0x0000000534800000, 0x0000000534800000|100%| O|  |TAMS 0x0000000534000000, 0x0000000534000000| Untracked 
| 105|0x0000000534800000, 0x0000000535000000, 0x0000000535000000|100%| O|  |TAMS 0x0000000534800000, 0x0000000534800000| Untracked 
| 106|0x0000000535000000, 0x0000000535800000, 0x0000000535800000|100%| O|  |TAMS 0x0000000535000000, 0x0000000535000000| Untracked 
| 107|0x0000000535800000, 0x0000000536000000, 0x0000000536000000|100%| O|  |TAMS 0x0000000535800000, 0x0000000535800000| Untracked 
| 108|0x0000000536000000, 0x0000000536800000, 0x0000000536800000|100%| O|  |TAMS 0x0000000536000000, 0x0000000536000000| Untracked 
| 109|0x0000000536800000, 0x0000000537000000, 0x0000000537000000|100%| O|  |TAMS 0x0000000536800000, 0x0000000536800000| Untracked 
| 110|0x0000000537000000, 0x0000000537800000, 0x0000000537800000|100%| O|  |TAMS 0x0000000537000000, 0x0000000537000000| Untracked 
| 111|0x0000000537800000, 0x0000000538000000, 0x0000000538000000|100%| O|  |TAMS 0x0000000537800000, 0x0000000537800000| Untracked 
| 112|0x0000000538000000, 0x0000000538800000, 0x0000000538800000|100%| O|  |TAMS 0x0000000538000000, 0x0000000538000000| Untracked 
| 113|0x0000000538800000, 0x0000000539000000, 0x0000000539000000|100%| O|  |TAMS 0x0000000538800000, 0x0000000538800000| Untracked 
| 114|0x0000000539000000, 0x0000000539800000, 0x0000000539800000|100%| O|  |TAMS 0x0000000539000000, 0x0000000539000000| Untracked 
| 115|0x0000000539800000, 0x000000053a000000, 0x000000053a000000|100%| O|  |TAMS 0x0000000539800000, 0x0000000539800000| Untracked 
| 116|0x000000053a000000, 0x000000053a800000, 0x000000053a800000|100%| O|  |TAMS 0x000000053a000000, 0x000000053a000000| Untracked 
| 117|0x000000053a800000, 0x000000053b000000, 0x000000053b000000|100%| O|  |TAMS 0x000000053a800000, 0x000000053a800000| Untracked 
| 118|0x000000053b000000, 0x000000053b800000, 0x000000053b800000|100%| O|  |TAMS 0x000000053b000000, 0x000000053b000000| Untracked 
| 119|0x000000053b800000, 0x000000053c000000, 0x000000053c000000|100%| O|  |TAMS 0x000000053b800000, 0x000000053b800000| Untracked 
| 120|0x000000053c000000, 0x000000053c800000, 0x000000053c800000|100%| O|  |TAMS 0x000000053c000000, 0x000000053c000000| Untracked 
| 121|0x000000053c800000, 0x000000053d000000, 0x000000053d000000|100%| O|  |TAMS 0x000000053c800000, 0x000000053c800000| Untracked 
| 122|0x000000053d000000, 0x000000053d800000, 0x000000053d800000|100%| O|  |TAMS 0x000000053d000000, 0x000000053d000000| Untracked 
| 123|0x000000053d800000, 0x000000053e000000, 0x000000053e000000|100%| O|  |TAMS 0x000000053d800000, 0x000000053d800000| Untracked 
| 124|0x000000053e000000, 0x000000053e800000, 0x000000053e800000|100%| O|  |TAMS 0x000000053e000000, 0x000000053e000000| Untracked 
| 125|0x000000053e800000, 0x000000053f000000, 0x000000053f000000|100%| O|  |TAMS 0x000000053e800000, 0x000000053e800000| Untracked 
| 126|0x000000053f000000, 0x000000053f800000, 0x000000053f800000|100%| O|  |TAMS 0x000000053f000000, 0x000000053f000000| Untracked 
| 127|0x000000053f800000, 0x0000000540000000, 0x0000000540000000|100%| O|  |TAMS 0x000000053f800000, 0x000000053f800000| Untracked 
| 128|0x0000000540000000, 0x0000000540800000, 0x0000000540800000|100%| O|  |TAMS 0x0000000540000000, 0x0000000540000000| Untracked 
| 129|0x0000000540800000, 0x0000000541000000, 0x0000000541000000|100%| O|  |TAMS 0x0000000540800000, 0x0000000540800000| Untracked 
| 130|0x0000000541000000, 0x0000000541800000, 0x0000000541800000|100%| O|  |TAMS 0x0000000541000000, 0x0000000541000000| Untracked 
| 131|0x0000000541800000, 0x0000000542000000, 0x0000000542000000|100%| O|  |TAMS 0x0000000541800000, 0x0000000541800000| Untracked 
| 132|0x0000000542000000, 0x0000000542800000, 0x0000000542800000|100%| O|  |TAMS 0x0000000542000000, 0x0000000542000000| Untracked 
| 133|0x0000000542800000, 0x0000000543000000, 0x0000000543000000|100%| O|  |TAMS 0x0000000542800000, 0x0000000542800000| Untracked 
| 134|0x0000000543000000, 0x0000000543800000, 0x0000000543800000|100%| O|  |TAMS 0x0000000543000000, 0x0000000543000000| Untracked 
| 135|0x0000000543800000, 0x0000000544000000, 0x0000000544000000|100%| O|  |TAMS 0x0000000543800000, 0x0000000543800000| Untracked 
| 136|0x0000000544000000, 0x0000000544800000, 0x0000000544800000|100%| O|  |TAMS 0x0000000544000000, 0x0000000544000000| Untracked 
| 137|0x0000000544800000, 0x0000000545000000, 0x0000000545000000|100%| O|  |TAMS 0x0000000544800000, 0x0000000544800000| Untracked 
| 138|0x0000000545000000, 0x0000000545800000, 0x0000000545800000|100%| O|  |TAMS 0x0000000545000000, 0x0000000545000000| Untracked 
| 139|0x0000000545800000, 0x0000000546000000, 0x0000000546000000|100%| O|  |TAMS 0x0000000545800000, 0x0000000545800000| Untracked 
| 140|0x0000000546000000, 0x0000000546800000, 0x0000000546800000|100%| O|  |TAMS 0x0000000546000000, 0x0000000546000000| Untracked 
| 141|0x0000000546800000, 0x0000000547000000, 0x0000000547000000|100%| O|  |TAMS 0x0000000546800000, 0x0000000546800000| Untracked 
| 142|0x0000000547000000, 0x0000000547800000, 0x0000000547800000|100%| O|  |TAMS 0x0000000547000000, 0x0000000547000000| Untracked 
| 143|0x0000000547800000, 0x0000000548000000, 0x0000000548000000|100%| O|  |TAMS 0x0000000547800000, 0x0000000547800000| Untracked 
| 144|0x0000000548000000, 0x0000000548800000, 0x0000000548800000|100%| O|  |TAMS 0x0000000548000000, 0x0000000548000000| Untracked 
| 145|0x0000000548800000, 0x0000000549000000, 0x0000000549000000|100%| O|  |TAMS 0x0000000548800000, 0x0000000548800000| Untracked 
| 146|0x0000000549000000, 0x0000000549800000, 0x0000000549800000|100%| O|  |TAMS 0x0000000549000000, 0x0000000549000000| Untracked 
| 147|0x0000000549800000, 0x000000054a000000, 0x000000054a000000|100%| O|  |TAMS 0x0000000549800000, 0x0000000549800000| Untracked 
| 148|0x000000054a000000, 0x000000054a800000, 0x000000054a800000|100%| O|  |TAMS 0x000000054a000000, 0x000000054a000000| Untracked 
| 149|0x000000054a800000, 0x000000054b000000, 0x000000054b000000|100%| O|  |TAMS 0x000000054a800000, 0x000000054a800000| Untracked 
| 150|0x000000054b000000, 0x000000054b800000, 0x000000054b800000|100%| O|  |TAMS 0x000000054b000000, 0x000000054b000000| Untracked 
| 151|0x000000054b800000, 0x000000054c000000, 0x000000054c000000|100%| O|  |TAMS 0x000000054b800000, 0x000000054b800000| Untracked 
| 152|0x000000054c000000, 0x000000054c800000, 0x000000054c800000|100%| O|  |TAMS 0x000000054c000000, 0x000000054c000000| Untracked 
| 153|0x000000054c800000, 0x000000054d000000, 0x000000054d000000|100%| O|  |TAMS 0x000000054c800000, 0x000000054c800000| Untracked 
| 154|0x000000054d000000, 0x000000054d800000, 0x000000054d800000|100%| O|  |TAMS 0x000000054d000000, 0x000000054d000000| Untracked 
| 155|0x000000054d800000, 0x000000054e000000, 0x000000054e000000|100%| O|  |TAMS 0x000000054d800000, 0x000000054d800000| Untracked 
| 156|0x000000054e000000, 0x000000054e800000, 0x000000054e800000|100%| O|  |TAMS 0x000000054e000000, 0x000000054e000000| Untracked 
| 157|0x000000054e800000, 0x000000054f000000, 0x000000054f000000|100%| O|  |TAMS 0x000000054e800000, 0x000000054e800000| Untracked 
| 158|0x000000054f000000, 0x000000054f800000, 0x000000054f800000|100%| O|  |TAMS 0x000000054f000000, 0x000000054f000000| Untracked 
| 159|0x000000054f800000, 0x0000000550000000, 0x0000000550000000|100%| O|  |TAMS 0x000000054f800000, 0x000000054f800000| Untracked 
| 160|0x0000000550000000, 0x0000000550800000, 0x0000000550800000|100%| O|  |TAMS 0x0000000550000000, 0x0000000550000000| Untracked 
| 161|0x0000000550800000, 0x0000000551000000, 0x0000000551000000|100%| O|  |TAMS 0x0000000550800000, 0x0000000550800000| Untracked 
| 162|0x0000000551000000, 0x0000000551800000, 0x0000000551800000|100%| O|  |TAMS 0x0000000551000000, 0x0000000551000000| Untracked 
| 163|0x0000000551800000, 0x0000000552000000, 0x0000000552000000|100%| O|  |TAMS 0x0000000551800000, 0x0000000551800000| Untracked 
| 164|0x0000000552000000, 0x0000000552800000, 0x0000000552800000|100%| O|  |TAMS 0x0000000552000000, 0x0000000552000000| Untracked 
| 165|0x0000000552800000, 0x0000000553000000, 0x0000000553000000|100%| O|  |TAMS 0x0000000552800000, 0x0000000552800000| Untracked 
| 166|0x0000000553000000, 0x0000000553800000, 0x0000000553800000|100%| O|  |TAMS 0x0000000553000000, 0x0000000553000000| Untracked 
| 167|0x0000000553800000, 0x0000000554000000, 0x0000000554000000|100%| O|  |TAMS 0x0000000553800000, 0x0000000553800000| Untracked 
| 168|0x0000000554000000, 0x0000000554800000, 0x0000000554800000|100%| O|  |TAMS 0x0000000554000000, 0x0000000554000000| Untracked 
| 169|0x0000000554800000, 0x0000000555000000, 0x0000000555000000|100%| O|  |TAMS 0x0000000554800000, 0x0000000554800000| Untracked 
| 170|0x0000000555000000, 0x0000000555800000, 0x0000000555800000|100%| O|  |TAMS 0x0000000555000000, 0x0000000555000000| Untracked 
| 171|0x0000000555800000, 0x0000000556000000, 0x0000000556000000|100%| O|  |TAMS 0x0000000555800000, 0x0000000555800000| Untracked 
| 172|0x0000000556000000, 0x0000000556800000, 0x0000000556800000|100%| O|  |TAMS 0x0000000556000000, 0x0000000556000000| Untracked 
| 173|0x0000000556800000, 0x0000000557000000, 0x0000000557000000|100%| O|  |TAMS 0x0000000556800000, 0x0000000556800000| Untracked 
| 174|0x0000000557000000, 0x0000000557800000, 0x0000000557800000|100%| O|  |TAMS 0x0000000557000000, 0x0000000557000000| Untracked 
| 175|0x0000000557800000, 0x0000000558000000, 0x0000000558000000|100%| O|  |TAMS 0x0000000557800000, 0x0000000557800000| Untracked 
| 176|0x0000000558000000, 0x0000000558800000, 0x0000000558800000|100%| O|  |TAMS 0x0000000558000000, 0x0000000558000000| Untracked 
| 177|0x0000000558800000, 0x0000000559000000, 0x0000000559000000|100%| O|  |TAMS 0x0000000558800000, 0x0000000558800000| Untracked 
| 178|0x0000000559000000, 0x0000000559800000, 0x0000000559800000|100%| O|  |TAMS 0x0000000559000000, 0x0000000559000000| Untracked 
| 179|0x0000000559800000, 0x000000055a000000, 0x000000055a000000|100%| O|  |TAMS 0x0000000559800000, 0x0000000559800000| Untracked 
| 180|0x000000055a000000, 0x000000055a800000, 0x000000055a800000|100%| O|  |TAMS 0x000000055a000000, 0x000000055a000000| Untracked 
| 181|0x000000055a800000, 0x000000055b000000, 0x000000055b000000|100%| O|  |TAMS 0x000000055a800000, 0x000000055a800000| Untracked 
| 182|0x000000055b000000, 0x000000055b800000, 0x000000055b800000|100%| O|  |TAMS 0x000000055b000000, 0x000000055b000000| Untracked 
| 183|0x000000055b800000, 0x000000055c000000, 0x000000055c000000|100%| O|  |TAMS 0x000000055b800000, 0x000000055b800000| Untracked 
| 184|0x000000055c000000, 0x000000055c800000, 0x000000055c800000|100%| O|  |TAMS 0x000000055c000000, 0x000000055c000000| Untracked 
| 185|0x000000055c800000, 0x000000055d000000, 0x000000055d000000|100%| O|  |TAMS 0x000000055c800000, 0x000000055c800000| Untracked 
| 186|0x000000055d000000, 0x000000055d800000, 0x000000055d800000|100%| O|  |TAMS 0x000000055d000000, 0x000000055d000000| Untracked 
| 187|0x000000055d800000, 0x000000055e000000, 0x000000055e000000|100%| O|  |TAMS 0x000000055d800000, 0x000000055d800000| Untracked 
| 188|0x000000055e000000, 0x000000055e800000, 0x000000055e800000|100%| O|  |TAMS 0x000000055e000000, 0x000000055e000000| Untracked 
| 189|0x000000055e800000, 0x000000055f000000, 0x000000055f000000|100%| O|  |TAMS 0x000000055e800000, 0x000000055e800000| Untracked 
| 190|0x000000055f000000, 0x000000055f800000, 0x000000055f800000|100%| O|  |TAMS 0x000000055f000000, 0x000000055f000000| Untracked 
| 191|0x000000055f800000, 0x0000000560000000, 0x0000000560000000|100%| O|  |TAMS 0x000000055f800000, 0x000000055f800000| Untracked 
| 192|0x0000000560000000, 0x0000000560800000, 0x0000000560800000|100%| O|  |TAMS 0x0000000560000000, 0x0000000560000000| Untracked 
| 193|0x0000000560800000, 0x0000000561000000, 0x0000000561000000|100%| O|  |TAMS 0x0000000560800000, 0x0000000560800000| Untracked 
| 194|0x0000000561000000, 0x0000000561800000, 0x0000000561800000|100%| O|  |TAMS 0x0000000561000000, 0x0000000561000000| Untracked 
| 195|0x0000000561800000, 0x0000000562000000, 0x0000000562000000|100%| O|  |TAMS 0x0000000561800000, 0x0000000561800000| Untracked 
| 196|0x0000000562000000, 0x0000000562800000, 0x0000000562800000|100%| O|  |TAMS 0x0000000562000000, 0x0000000562000000| Untracked 
| 197|0x0000000562800000, 0x0000000563000000, 0x0000000563000000|100%| O|  |TAMS 0x0000000562800000, 0x0000000562800000| Untracked 
| 198|0x0000000563000000, 0x0000000563800000, 0x0000000563800000|100%| O|  |TAMS 0x0000000563000000, 0x0000000563000000| Untracked 
| 199|0x0000000563800000, 0x0000000564000000, 0x0000000564000000|100%| O|  |TAMS 0x0000000563800000, 0x0000000563800000| Untracked 
| 200|0x0000000564000000, 0x0000000564800000, 0x0000000564800000|100%| O|  |TAMS 0x0000000564000000, 0x0000000564000000| Untracked 
| 201|0x0000000564800000, 0x0000000565000000, 0x0000000565000000|100%| O|  |TAMS 0x0000000564800000, 0x0000000564800000| Untracked 
| 202|0x0000000565000000, 0x0000000565800000, 0x0000000565800000|100%| O|  |TAMS 0x0000000565000000, 0x0000000565000000| Untracked 
| 203|0x0000000565800000, 0x0000000566000000, 0x0000000566000000|100%| O|  |TAMS 0x0000000565800000, 0x0000000565800000| Untracked 
| 204|0x0000000566000000, 0x0000000566800000, 0x0000000566800000|100%| O|  |TAMS 0x0000000566000000, 0x0000000566000000| Untracked 
| 205|0x0000000566800000, 0x0000000567000000, 0x0000000567000000|100%| O|  |TAMS 0x0000000566800000, 0x0000000566800000| Untracked 
| 206|0x0000000567000000, 0x0000000567800000, 0x0000000567800000|100%| O|  |TAMS 0x0000000567000000, 0x0000000567000000| Untracked 
| 207|0x0000000567800000, 0x0000000568000000, 0x0000000568000000|100%| O|  |TAMS 0x0000000567800000, 0x0000000567800000| Untracked 
| 208|0x0000000568000000, 0x0000000568800000, 0x0000000568800000|100%| O|  |TAMS 0x0000000568000000, 0x0000000568000000| Untracked 
| 209|0x0000000568800000, 0x0000000569000000, 0x0000000569000000|100%| O|  |TAMS 0x0000000568800000, 0x0000000568800000| Untracked 
| 210|0x0000000569000000, 0x0000000569800000, 0x0000000569800000|100%| O|  |TAMS 0x0000000569000000, 0x0000000569000000| Untracked 
| 211|0x0000000569800000, 0x000000056a000000, 0x000000056a000000|100%| O|  |TAMS 0x0000000569800000, 0x0000000569800000| Untracked 
| 212|0x000000056a000000, 0x000000056a800000, 0x000000056a800000|100%| O|  |TAMS 0x000000056a000000, 0x000000056a000000| Untracked 
| 213|0x000000056a800000, 0x000000056b000000, 0x000000056b000000|100%| O|  |TAMS 0x000000056a800000, 0x000000056a800000| Untracked 
| 214|0x000000056b000000, 0x000000056b800000, 0x000000056b800000|100%| O|  |TAMS 0x000000056b000000, 0x000000056b000000| Untracked 
| 215|0x000000056b800000, 0x000000056c000000, 0x000000056c000000|100%| O|  |TAMS 0x000000056b800000, 0x000000056b800000| Untracked 
| 216|0x000000056c000000, 0x000000056c800000, 0x000000056c800000|100%| O|  |TAMS 0x000000056c000000, 0x000000056c000000| Untracked 
| 217|0x000000056c800000, 0x000000056d000000, 0x000000056d000000|100%| O|  |TAMS 0x000000056c800000, 0x000000056c800000| Untracked 
| 218|0x000000056d000000, 0x000000056d800000, 0x000000056d800000|100%| O|  |TAMS 0x000000056d000000, 0x000000056d000000| Untracked 
| 219|0x000000056d800000, 0x000000056e000000, 0x000000056e000000|100%| O|  |TAMS 0x000000056d800000, 0x000000056d800000| Untracked 
| 220|0x000000056e000000, 0x000000056e800000, 0x000000056e800000|100%| O|  |TAMS 0x000000056e000000, 0x000000056e000000| Untracked 
| 221|0x000000056e800000, 0x000000056f000000, 0x000000056f000000|100%| O|  |TAMS 0x000000056e800000, 0x000000056e800000| Untracked 
| 222|0x000000056f000000, 0x000000056f800000, 0x000000056f800000|100%| O|  |TAMS 0x000000056f000000, 0x000000056f000000| Untracked 
| 223|0x000000056f800000, 0x0000000570000000, 0x0000000570000000|100%| O|  |TAMS 0x000000056f800000, 0x000000056f800000| Untracked 
| 224|0x0000000570000000, 0x0000000570800000, 0x0000000570800000|100%| O|  |TAMS 0x0000000570000000, 0x0000000570000000| Untracked 
| 225|0x0000000570800000, 0x0000000571000000, 0x0000000571000000|100%| O|  |TAMS 0x0000000570800000, 0x0000000570800000| Untracked 
| 226|0x0000000571000000, 0x0000000571800000, 0x0000000571800000|100%| O|  |TAMS 0x0000000571000000, 0x0000000571000000| Untracked 
| 227|0x0000000571800000, 0x0000000572000000, 0x0000000572000000|100%| O|  |TAMS 0x0000000571800000, 0x0000000571800000| Untracked 
| 228|0x0000000572000000, 0x0000000572800000, 0x0000000572800000|100%| O|  |TAMS 0x0000000572000000, 0x0000000572000000| Untracked 
| 229|0x0000000572800000, 0x0000000573000000, 0x0000000573000000|100%| O|  |TAMS 0x0000000572800000, 0x0000000572800000| Untracked 
| 230|0x0000000573000000, 0x0000000573800000, 0x0000000573800000|100%| O|  |TAMS 0x0000000573000000, 0x0000000573000000| Untracked 
| 231|0x0000000573800000, 0x0000000574000000, 0x0000000574000000|100%| O|  |TAMS 0x0000000573800000, 0x0000000573800000| Untracked 
| 232|0x0000000574000000, 0x0000000574800000, 0x0000000574800000|100%| O|  |TAMS 0x0000000574000000, 0x0000000574000000| Untracked 
| 233|0x0000000574800000, 0x0000000575000000, 0x0000000575000000|100%| O|  |TAMS 0x0000000574800000, 0x0000000574800000| Untracked 
| 234|0x0000000575000000, 0x0000000575800000, 0x0000000575800000|100%| O|  |TAMS 0x0000000575000000, 0x0000000575000000| Untracked 
| 235|0x0000000575800000, 0x0000000576000000, 0x0000000576000000|100%| O|  |TAMS 0x0000000575800000, 0x0000000575800000| Untracked 
| 236|0x0000000576000000, 0x0000000576800000, 0x0000000576800000|100%| O|  |TAMS 0x0000000576000000, 0x0000000576000000| Untracked 
| 237|0x0000000576800000, 0x0000000577000000, 0x0000000577000000|100%| O|  |TAMS 0x0000000576800000, 0x0000000576800000| Untracked 
| 238|0x0000000577000000, 0x0000000577800000, 0x0000000577800000|100%| O|  |TAMS 0x0000000577000000, 0x0000000577000000| Untracked 
| 239|0x0000000577800000, 0x0000000578000000, 0x0000000578000000|100%| O|  |TAMS 0x0000000577800000, 0x0000000577800000| Untracked 
| 240|0x0000000578000000, 0x0000000578800000, 0x0000000578800000|100%| O|  |TAMS 0x0000000578000000, 0x0000000578000000| Untracked 
| 241|0x0000000578800000, 0x0000000579000000, 0x0000000579000000|100%| O|  |TAMS 0x0000000578800000, 0x0000000578800000| Untracked 
| 242|0x0000000579000000, 0x0000000579800000, 0x0000000579800000|100%| O|  |TAMS 0x0000000579000000, 0x0000000579000000| Untracked 
| 243|0x0000000579800000, 0x000000057a000000, 0x000000057a000000|100%| O|  |TAMS 0x0000000579800000, 0x0000000579800000| Untracked 
| 244|0x000000057a000000, 0x000000057a800000, 0x000000057a800000|100%| O|  |TAMS 0x000000057a000000, 0x000000057a000000| Untracked 
| 245|0x000000057a800000, 0x000000057b000000, 0x000000057b000000|100%| O|  |TAMS 0x000000057a800000, 0x000000057a800000| Untracked 
| 246|0x000000057b000000, 0x000000057b800000, 0x000000057b800000|100%| O|  |TAMS 0x000000057b000000, 0x000000057b000000| Untracked 
| 247|0x000000057b800000, 0x000000057c000000, 0x000000057c000000|100%| O|  |TAMS 0x000000057b800000, 0x000000057b800000| Untracked 
| 248|0x000000057c000000, 0x000000057c800000, 0x000000057c800000|100%| O|  |TAMS 0x000000057c000000, 0x000000057c000000| Untracked 
| 249|0x000000057c800000, 0x000000057d000000, 0x000000057d000000|100%| O|  |TAMS 0x000000057c800000, 0x000000057c800000| Untracked 
| 250|0x000000057d000000, 0x000000057d800000, 0x000000057d800000|100%| O|  |TAMS 0x000000057d000000, 0x000000057d000000| Untracked 
| 251|0x000000057d800000, 0x000000057e000000, 0x000000057e000000|100%| O|  |TAMS 0x000000057d800000, 0x000000057d800000| Untracked 
| 252|0x000000057e000000, 0x000000057e800000, 0x000000057e800000|100%| O|  |TAMS 0x000000057e000000, 0x000000057e000000| Untracked 
| 253|0x000000057e800000, 0x000000057f000000, 0x000000057f000000|100%| O|  |TAMS 0x000000057e800000, 0x000000057e800000| Untracked 
| 254|0x000000057f000000, 0x000000057f800000, 0x000000057f800000|100%| O|  |TAMS 0x000000057f000000, 0x000000057f000000| Untracked 
| 255|0x000000057f800000, 0x0000000580000000, 0x0000000580000000|100%| O|  |TAMS 0x000000057f800000, 0x000000057f800000| Untracked 
| 256|0x0000000580000000, 0x0000000580800000, 0x0000000580800000|100%| O|  |TAMS 0x0000000580000000, 0x0000000580000000| Untracked 
| 257|0x0000000580800000, 0x0000000581000000, 0x0000000581000000|100%| O|  |TAMS 0x0000000580800000, 0x0000000580800000| Untracked 
| 258|0x0000000581000000, 0x0000000581800000, 0x0000000581800000|100%| O|  |TAMS 0x0000000581000000, 0x0000000581000000| Untracked 
| 259|0x0000000581800000, 0x0000000582000000, 0x0000000582000000|100%| O|  |TAMS 0x0000000581800000, 0x0000000581800000| Untracked 
| 260|0x0000000582000000, 0x0000000582800000, 0x0000000582800000|100%| O|  |TAMS 0x0000000582000000, 0x0000000582000000| Untracked 
| 261|0x0000000582800000, 0x0000000583000000, 0x0000000583000000|100%| O|  |TAMS 0x0000000582800000, 0x0000000582800000| Untracked 
| 262|0x0000000583000000, 0x0000000583800000, 0x0000000583800000|100%| O|  |TAMS 0x0000000583000000, 0x0000000583000000| Untracked 
| 263|0x0000000583800000, 0x0000000584000000, 0x0000000584000000|100%| O|  |TAMS 0x0000000583800000, 0x0000000583800000| Untracked 
| 264|0x0000000584000000, 0x0000000584800000, 0x0000000584800000|100%| O|  |TAMS 0x0000000584000000, 0x0000000584000000| Untracked 
| 265|0x0000000584800000, 0x0000000585000000, 0x0000000585000000|100%| O|  |TAMS 0x0000000584800000, 0x0000000584800000| Untracked 
| 266|0x0000000585000000, 0x0000000585800000, 0x0000000585800000|100%| O|  |TAMS 0x0000000585000000, 0x0000000585000000| Untracked 
| 267|0x0000000585800000, 0x0000000586000000, 0x0000000586000000|100%| O|  |TAMS 0x0000000585800000, 0x0000000585800000| Untracked 
| 268|0x0000000586000000, 0x0000000586800000, 0x0000000586800000|100%| O|  |TAMS 0x0000000586000000, 0x0000000586000000| Untracked 
| 269|0x0000000586800000, 0x0000000587000000, 0x0000000587000000|100%| O|  |TAMS 0x0000000586800000, 0x0000000586800000| Untracked 
| 270|0x0000000587000000, 0x0000000587800000, 0x0000000587800000|100%| O|  |TAMS 0x0000000587000000, 0x0000000587000000| Untracked 
| 271|0x0000000587800000, 0x0000000588000000, 0x0000000588000000|100%| O|  |TAMS 0x0000000587800000, 0x0000000587800000| Untracked 
| 272|0x0000000588000000, 0x0000000588800000, 0x0000000588800000|100%| O|  |TAMS 0x0000000588000000, 0x0000000588000000| Untracked 
| 273|0x0000000588800000, 0x0000000589000000, 0x0000000589000000|100%| O|  |TAMS 0x0000000588800000, 0x0000000588800000| Untracked 
| 274|0x0000000589000000, 0x0000000589800000, 0x0000000589800000|100%| O|  |TAMS 0x0000000589000000, 0x0000000589000000| Untracked 
| 275|0x0000000589800000, 0x000000058a000000, 0x000000058a000000|100%| O|  |TAMS 0x0000000589800000, 0x0000000589800000| Untracked 
| 276|0x000000058a000000, 0x000000058a800000, 0x000000058a800000|100%| O|  |TAMS 0x000000058a000000, 0x000000058a000000| Untracked 
| 277|0x000000058a800000, 0x000000058b000000, 0x000000058b000000|100%| O|  |TAMS 0x000000058a800000, 0x000000058a800000| Untracked 
| 278|0x000000058b000000, 0x000000058b800000, 0x000000058b800000|100%| O|  |TAMS 0x000000058b000000, 0x000000058b000000| Untracked 
| 279|0x000000058b800000, 0x000000058c000000, 0x000000058c000000|100%| O|  |TAMS 0x000000058b800000, 0x000000058b800000| Untracked 
| 280|0x000000058c000000, 0x000000058c800000, 0x000000058c800000|100%| O|  |TAMS 0x000000058c000000, 0x000000058c000000| Untracked 
| 281|0x000000058c800000, 0x000000058d000000, 0x000000058d000000|100%| O|  |TAMS 0x000000058c800000, 0x000000058c800000| Untracked 
| 282|0x000000058d000000, 0x000000058d800000, 0x000000058d800000|100%| O|  |TAMS 0x000000058d000000, 0x000000058d000000| Untracked 
| 283|0x000000058d800000, 0x000000058e000000, 0x000000058e000000|100%| O|  |TAMS 0x000000058d800000, 0x000000058d800000| Untracked 
| 284|0x000000058e000000, 0x000000058e800000, 0x000000058e800000|100%| O|  |TAMS 0x000000058e000000, 0x000000058e000000| Untracked 
| 285|0x000000058e800000, 0x000000058f000000, 0x000000058f000000|100%| O|  |TAMS 0x000000058e800000, 0x000000058e800000| Untracked 
| 286|0x000000058f000000, 0x000000058f800000, 0x000000058f800000|100%| O|  |TAMS 0x000000058f000000, 0x000000058f000000| Untracked 
| 287|0x000000058f800000, 0x0000000590000000, 0x0000000590000000|100%| O|  |TAMS 0x000000058f800000, 0x000000058f800000| Untracked 
| 288|0x0000000590000000, 0x0000000590800000, 0x0000000590800000|100%| O|  |TAMS 0x0000000590000000, 0x0000000590000000| Untracked 
| 289|0x0000000590800000, 0x0000000591000000, 0x0000000591000000|100%| O|  |TAMS 0x0000000590800000, 0x0000000590800000| Untracked 
| 290|0x0000000591000000, 0x0000000591800000, 0x0000000591800000|100%| O|  |TAMS 0x0000000591000000, 0x0000000591000000| Untracked 
| 291|0x0000000591800000, 0x0000000592000000, 0x0000000592000000|100%| O|  |TAMS 0x0000000591800000, 0x0000000591800000| Untracked 
| 292|0x0000000592000000, 0x0000000592800000, 0x0000000592800000|100%| O|  |TAMS 0x0000000592000000, 0x0000000592000000| Untracked 
| 293|0x0000000592800000, 0x0000000593000000, 0x0000000593000000|100%| O|  |TAMS 0x0000000592800000, 0x0000000592800000| Untracked 
| 294|0x0000000593000000, 0x0000000593800000, 0x0000000593800000|100%| O|  |TAMS 0x0000000593000000, 0x0000000593000000| Untracked 
| 295|0x0000000593800000, 0x0000000594000000, 0x0000000594000000|100%| O|  |TAMS 0x0000000593800000, 0x0000000593800000| Untracked 
| 296|0x0000000594000000, 0x0000000594800000, 0x0000000594800000|100%| O|  |TAMS 0x0000000594000000, 0x0000000594000000| Untracked 
| 297|0x0000000594800000, 0x0000000595000000, 0x0000000595000000|100%| O|  |TAMS 0x0000000594800000, 0x0000000594800000| Untracked 
| 298|0x0000000595000000, 0x0000000595800000, 0x0000000595800000|100%| O|  |TAMS 0x0000000595000000, 0x0000000595000000| Untracked 
| 299|0x0000000595800000, 0x0000000596000000, 0x0000000596000000|100%| O|  |TAMS 0x0000000595800000, 0x0000000595800000| Untracked 
| 300|0x0000000596000000, 0x0000000596800000, 0x0000000596800000|100%| O|  |TAMS 0x0000000596000000, 0x0000000596000000| Untracked 
| 301|0x0000000596800000, 0x0000000597000000, 0x0000000597000000|100%| O|  |TAMS 0x0000000596800000, 0x0000000596800000| Untracked 
| 302|0x0000000597000000, 0x0000000597800000, 0x0000000597800000|100%| O|  |TAMS 0x0000000597000000, 0x0000000597000000| Untracked 
| 303|0x0000000597800000, 0x0000000598000000, 0x0000000598000000|100%| O|  |TAMS 0x0000000597800000, 0x0000000597800000| Untracked 
| 304|0x0000000598000000, 0x0000000598800000, 0x0000000598800000|100%| O|  |TAMS 0x0000000598000000, 0x0000000598000000| Untracked 
| 305|0x0000000598800000, 0x0000000599000000, 0x0000000599000000|100%| O|  |TAMS 0x0000000598800000, 0x0000000598800000| Untracked 
| 306|0x0000000599000000, 0x0000000599800000, 0x0000000599800000|100%| O|  |TAMS 0x0000000599000000, 0x0000000599000000| Untracked 
| 307|0x0000000599800000, 0x000000059a000000, 0x000000059a000000|100%| O|  |TAMS 0x0000000599800000, 0x0000000599800000| Untracked 
| 308|0x000000059a000000, 0x000000059a800000, 0x000000059a800000|100%| O|  |TAMS 0x000000059a000000, 0x000000059a000000| Untracked 
| 309|0x000000059a800000, 0x000000059b000000, 0x000000059b000000|100%| O|  |TAMS 0x000000059a800000, 0x000000059a800000| Untracked 
| 310|0x000000059b000000, 0x000000059b800000, 0x000000059b800000|100%| O|  |TAMS 0x000000059b000000, 0x000000059b000000| Untracked 
| 311|0x000000059b800000, 0x000000059c000000, 0x000000059c000000|100%| O|  |TAMS 0x000000059b800000, 0x000000059b800000| Untracked 
| 312|0x000000059c000000, 0x000000059c800000, 0x000000059c800000|100%| O|  |TAMS 0x000000059c000000, 0x000000059c000000| Untracked 
| 313|0x000000059c800000, 0x000000059d000000, 0x000000059d000000|100%| O|  |TAMS 0x000000059c800000, 0x000000059c800000| Untracked 
| 314|0x000000059d000000, 0x000000059d800000, 0x000000059d800000|100%| O|  |TAMS 0x000000059d000000, 0x000000059d000000| Untracked 
| 315|0x000000059d800000, 0x000000059e000000, 0x000000059e000000|100%| O|  |TAMS 0x000000059d800000, 0x000000059d800000| Untracked 
| 316|0x000000059e000000, 0x000000059e800000, 0x000000059e800000|100%| O|  |TAMS 0x000000059e000000, 0x000000059e000000| Untracked 
| 317|0x000000059e800000, 0x000000059f000000, 0x000000059f000000|100%| O|  |TAMS 0x000000059e800000, 0x000000059e800000| Untracked 
| 318|0x000000059f000000, 0x000000059f800000, 0x000000059f800000|100%| O|  |TAMS 0x000000059f000000, 0x000000059f000000| Untracked 
| 319|0x000000059f800000, 0x00000005a0000000, 0x00000005a0000000|100%| O|  |TAMS 0x000000059f800000, 0x000000059f800000| Untracked 
| 320|0x00000005a0000000, 0x00000005a0800000, 0x00000005a0800000|100%| O|  |TAMS 0x00000005a0000000, 0x00000005a0000000| Untracked 
| 321|0x00000005a0800000, 0x00000005a1000000, 0x00000005a1000000|100%| O|  |TAMS 0x00000005a0800000, 0x00000005a0800000| Untracked 
| 322|0x00000005a1000000, 0x00000005a1800000, 0x00000005a1800000|100%| O|  |TAMS 0x00000005a1000000, 0x00000005a1000000| Untracked 
| 323|0x00000005a1800000, 0x00000005a2000000, 0x00000005a2000000|100%| O|  |TAMS 0x00000005a1800000, 0x00000005a1800000| Untracked 
| 324|0x00000005a2000000, 0x00000005a2800000, 0x00000005a2800000|100%| O|  |TAMS 0x00000005a2000000, 0x00000005a2000000| Untracked 
| 325|0x00000005a2800000, 0x00000005a3000000, 0x00000005a3000000|100%| O|  |TAMS 0x00000005a2800000, 0x00000005a2800000| Untracked 
| 326|0x00000005a3000000, 0x00000005a3800000, 0x00000005a3800000|100%| O|  |TAMS 0x00000005a3000000, 0x00000005a3000000| Untracked 
| 327|0x00000005a3800000, 0x00000005a4000000, 0x00000005a4000000|100%| O|  |TAMS 0x00000005a3800000, 0x00000005a3800000| Untracked 
| 328|0x00000005a4000000, 0x00000005a4800000, 0x00000005a4800000|100%| O|  |TAMS 0x00000005a4000000, 0x00000005a4000000| Untracked 
| 329|0x00000005a4800000, 0x00000005a5000000, 0x00000005a5000000|100%| O|  |TAMS 0x00000005a4800000, 0x00000005a4800000| Untracked 
| 330|0x00000005a5000000, 0x00000005a5800000, 0x00000005a5800000|100%| O|  |TAMS 0x00000005a5000000, 0x00000005a5000000| Untracked 
| 331|0x00000005a5800000, 0x00000005a6000000, 0x00000005a6000000|100%| O|  |TAMS 0x00000005a5800000, 0x00000005a5800000| Untracked 
| 332|0x00000005a6000000, 0x00000005a6800000, 0x00000005a6800000|100%| O|  |TAMS 0x00000005a6000000, 0x00000005a6000000| Untracked 
| 333|0x00000005a6800000, 0x00000005a7000000, 0x00000005a7000000|100%| O|  |TAMS 0x00000005a6800000, 0x00000005a6800000| Untracked 
| 334|0x00000005a7000000, 0x00000005a7800000, 0x00000005a7800000|100%| O|  |TAMS 0x00000005a7000000, 0x00000005a7000000| Untracked 
| 335|0x00000005a7800000, 0x00000005a8000000, 0x00000005a8000000|100%| O|  |TAMS 0x00000005a7800000, 0x00000005a7800000| Untracked 
| 336|0x00000005a8000000, 0x00000005a8800000, 0x00000005a8800000|100%| O|  |TAMS 0x00000005a8000000, 0x00000005a8000000| Untracked 
| 337|0x00000005a8800000, 0x00000005a9000000, 0x00000005a9000000|100%| O|  |TAMS 0x00000005a8800000, 0x00000005a8800000| Untracked 
| 338|0x00000005a9000000, 0x00000005a9800000, 0x00000005a9800000|100%| O|  |TAMS 0x00000005a9000000, 0x00000005a9000000| Untracked 
| 339|0x00000005a9800000, 0x00000005aa000000, 0x00000005aa000000|100%| O|  |TAMS 0x00000005a9800000, 0x00000005a9800000| Untracked 
| 340|0x00000005aa000000, 0x00000005aa800000, 0x00000005aa800000|100%| O|  |TAMS 0x00000005aa000000, 0x00000005aa000000| Untracked 
| 341|0x00000005aa800000, 0x00000005ab000000, 0x00000005ab000000|100%| O|  |TAMS 0x00000005aa800000, 0x00000005aa800000| Untracked 
| 342|0x00000005ab000000, 0x00000005ab800000, 0x00000005ab800000|100%| O|  |TAMS 0x00000005ab000000, 0x00000005ab000000| Untracked 
| 343|0x00000005ab800000, 0x00000005ac000000, 0x00000005ac000000|100%| O|  |TAMS 0x00000005ab800000, 0x00000005ab800000| Untracked 
| 344|0x00000005ac000000, 0x00000005ac800000, 0x00000005ac800000|100%| O|  |TAMS 0x00000005ac000000, 0x00000005ac000000| Untracked 
| 345|0x00000005ac800000, 0x00000005ad000000, 0x00000005ad000000|100%| O|  |TAMS 0x00000005ac800000, 0x00000005ac800000| Untracked 
| 346|0x00000005ad000000, 0x00000005ad800000, 0x00000005ad800000|100%| O|  |TAMS 0x00000005ad000000, 0x00000005ad000000| Untracked 
| 347|0x00000005ad800000, 0x00000005ae000000, 0x00000005ae000000|100%| O|  |TAMS 0x00000005ad800000, 0x00000005ad800000| Untracked 
| 348|0x00000005ae000000, 0x00000005ae800000, 0x00000005ae800000|100%| O|  |TAMS 0x00000005ae000000, 0x00000005ae000000| Untracked 
| 349|0x00000005ae800000, 0x00000005af000000, 0x00000005af000000|100%| O|  |TAMS 0x00000005ae800000, 0x00000005ae800000| Untracked 
| 350|0x00000005af000000, 0x00000005af800000, 0x00000005af800000|100%| O|  |TAMS 0x00000005af000000, 0x00000005af000000| Untracked 
| 351|0x00000005af800000, 0x00000005b0000000, 0x00000005b0000000|100%| O|  |TAMS 0x00000005af800000, 0x00000005af800000| Untracked 
| 352|0x00000005b0000000, 0x00000005b0800000, 0x00000005b0800000|100%| O|  |TAMS 0x00000005b0000000, 0x00000005b0000000| Untracked 
| 353|0x00000005b0800000, 0x00000005b1000000, 0x00000005b1000000|100%| O|  |TAMS 0x00000005b0800000, 0x00000005b0800000| Untracked 
| 354|0x00000005b1000000, 0x00000005b1800000, 0x00000005b1800000|100%| O|  |TAMS 0x00000005b1000000, 0x00000005b1000000| Untracked 
| 355|0x00000005b1800000, 0x00000005b2000000, 0x00000005b2000000|100%| O|  |TAMS 0x00000005b1800000, 0x00000005b1800000| Untracked 
| 356|0x00000005b2000000, 0x00000005b2800000, 0x00000005b2800000|100%| O|  |TAMS 0x00000005b2000000, 0x00000005b2000000| Untracked 
| 357|0x00000005b2800000, 0x00000005b3000000, 0x00000005b3000000|100%| O|  |TAMS 0x00000005b2800000, 0x00000005b2800000| Untracked 
| 358|0x00000005b3000000, 0x00000005b3800000, 0x00000005b3800000|100%| O|  |TAMS 0x00000005b3000000, 0x00000005b3000000| Untracked 
| 359|0x00000005b3800000, 0x00000005b4000000, 0x00000005b4000000|100%| O|  |TAMS 0x00000005b3800000, 0x00000005b3800000| Untracked 
| 360|0x00000005b4000000, 0x00000005b4800000, 0x00000005b4800000|100%| O|  |TAMS 0x00000005b4000000, 0x00000005b4000000| Untracked 
| 361|0x00000005b4800000, 0x00000005b5000000, 0x00000005b5000000|100%| O|  |TAMS 0x00000005b4800000, 0x00000005b4800000| Untracked 
| 362|0x00000005b5000000, 0x00000005b5800000, 0x00000005b5800000|100%| O|  |TAMS 0x00000005b5000000, 0x00000005b5000000| Untracked 
| 363|0x00000005b5800000, 0x00000005b6000000, 0x00000005b6000000|100%| O|  |TAMS 0x00000005b5800000, 0x00000005b5800000| Untracked 
| 364|0x00000005b6000000, 0x00000005b6800000, 0x00000005b6800000|100%| O|  |TAMS 0x00000005b6000000, 0x00000005b6000000| Untracked 
| 365|0x00000005b6800000, 0x00000005b7000000, 0x00000005b7000000|100%| O|  |TAMS 0x00000005b6800000, 0x00000005b6800000| Untracked 
| 366|0x00000005b7000000, 0x00000005b7800000, 0x00000005b7800000|100%| O|  |TAMS 0x00000005b7000000, 0x00000005b7000000| Untracked 
| 367|0x00000005b7800000, 0x00000005b8000000, 0x00000005b8000000|100%| O|  |TAMS 0x00000005b7800000, 0x00000005b7800000| Untracked 
| 368|0x00000005b8000000, 0x00000005b8800000, 0x00000005b8800000|100%| O|  |TAMS 0x00000005b8000000, 0x00000005b8000000| Untracked 
| 369|0x00000005b8800000, 0x00000005b9000000, 0x00000005b9000000|100%| O|  |TAMS 0x00000005b8800000, 0x00000005b8800000| Untracked 
| 370|0x00000005b9000000, 0x00000005b9800000, 0x00000005b9800000|100%| O|  |TAMS 0x00000005b9000000, 0x00000005b9000000| Untracked 
| 371|0x00000005b9800000, 0x00000005ba000000, 0x00000005ba000000|100%| O|  |TAMS 0x00000005b9800000, 0x00000005b9800000| Untracked 
| 372|0x00000005ba000000, 0x00000005ba800000, 0x00000005ba800000|100%| O|  |TAMS 0x00000005ba000000, 0x00000005ba000000| Untracked 
| 373|0x00000005ba800000, 0x00000005bb000000, 0x00000005bb000000|100%| O|  |TAMS 0x00000005ba800000, 0x00000005ba800000| Untracked 
| 374|0x00000005bb000000, 0x00000005bb800000, 0x00000005bb800000|100%| O|  |TAMS 0x00000005bb000000, 0x00000005bb000000| Untracked 
| 375|0x00000005bb800000, 0x00000005bc000000, 0x00000005bc000000|100%| O|  |TAMS 0x00000005bb800000, 0x00000005bb800000| Untracked 
| 376|0x00000005bc000000, 0x00000005bc800000, 0x00000005bc800000|100%| O|  |TAMS 0x00000005bc000000, 0x00000005bc000000| Untracked 
| 377|0x00000005bc800000, 0x00000005bd000000, 0x00000005bd000000|100%| O|  |TAMS 0x00000005bc800000, 0x00000005bc800000| Untracked 
| 378|0x00000005bd000000, 0x00000005bd800000, 0x00000005bd800000|100%| O|  |TAMS 0x00000005bd000000, 0x00000005bd000000| Untracked 
| 379|0x00000005bd800000, 0x00000005be000000, 0x00000005be000000|100%| O|  |TAMS 0x00000005bd800000, 0x00000005bd800000| Untracked 
| 380|0x00000005be000000, 0x00000005be800000, 0x00000005be800000|100%| O|  |TAMS 0x00000005be000000, 0x00000005be000000| Untracked 
| 381|0x00000005be800000, 0x00000005bf000000, 0x00000005bf000000|100%| O|  |TAMS 0x00000005be800000, 0x00000005be800000| Untracked 
| 382|0x00000005bf000000, 0x00000005bf800000, 0x00000005bf800000|100%| O|  |TAMS 0x00000005bf000000, 0x00000005bf000000| Untracked 
| 383|0x00000005bf800000, 0x00000005bfd3de00, 0x00000005c0000000| 65%| O|  |TAMS 0x00000005bf800000, 0x00000005bf800000| Untracked 
| 384|0x00000005c0000000, 0x00000005c0000000, 0x00000005c0800000|  0%| F|  |TAMS 0x00000005c0000000, 0x00000005c0000000| Untracked 
| 385|0x00000005c0800000, 0x00000005c0800000, 0x00000005c1000000|  0%| F|  |TAMS 0x00000005c0800000, 0x00000005c0800000| Untracked 
| 386|0x00000005c1000000, 0x00000005c1000000, 0x00000005c1800000|  0%| F|  |TAMS 0x00000005c1000000, 0x00000005c1000000| Untracked 
| 387|0x00000005c1800000, 0x00000005c1800000, 0x00000005c2000000|  0%| F|  |TAMS 0x00000005c1800000, 0x00000005c1800000| Untracked 
| 388|0x00000005c2000000, 0x00000005c2000000, 0x00000005c2800000|  0%| F|  |TAMS 0x00000005c2000000, 0x00000005c2000000| Untracked 
| 389|0x00000005c2800000, 0x00000005c2800000, 0x00000005c3000000|  0%| F|  |TAMS 0x00000005c2800000, 0x00000005c2800000| Untracked 
| 390|0x00000005c3000000, 0x00000005c3000000, 0x00000005c3800000|  0%| F|  |TAMS 0x00000005c3000000, 0x00000005c3000000| Untracked 
| 391|0x00000005c3800000, 0x00000005c3800000, 0x00000005c4000000|  0%| F|  |TAMS 0x00000005c3800000, 0x00000005c3800000| Untracked 
| 392|0x00000005c4000000, 0x00000005c4000000, 0x00000005c4800000|  0%| F|  |TAMS 0x00000005c4000000, 0x00000005c4000000| Untracked 
| 393|0x00000005c4800000, 0x00000005c4800000, 0x00000005c5000000|  0%| F|  |TAMS 0x00000005c4800000, 0x00000005c4800000| Untracked 
| 394|0x00000005c5000000, 0x00000005c5000000, 0x00000005c5800000|  0%| F|  |TAMS 0x00000005c5000000, 0x00000005c5000000| Untracked 
| 395|0x00000005c5800000, 0x00000005c5800000, 0x00000005c6000000|  0%| F|  |TAMS 0x00000005c5800000, 0x00000005c5800000| Untracked 
| 396|0x00000005c6000000, 0x00000005c6000000, 0x00000005c6800000|  0%| F|  |TAMS 0x00000005c6000000, 0x00000005c6000000| Untracked 
| 397|0x00000005c6800000, 0x00000005c6800000, 0x00000005c7000000|  0%| F|  |TAMS 0x00000005c6800000, 0x00000005c6800000| Untracked 
| 398|0x00000005c7000000, 0x00000005c7000000, 0x00000005c7800000|  0%| F|  |TAMS 0x00000005c7000000, 0x00000005c7000000| Untracked 
| 399|0x00000005c7800000, 0x00000005c7800000, 0x00000005c8000000|  0%| F|  |TAMS 0x00000005c7800000, 0x00000005c7800000| Untracked 
| 400|0x00000005c8000000, 0x00000005c8000000, 0x00000005c8800000|  0%| F|  |TAMS 0x00000005c8000000, 0x00000005c8000000| Untracked 
| 401|0x00000005c8800000, 0x00000005c8800000, 0x00000005c9000000|  0%| F|  |TAMS 0x00000005c8800000, 0x00000005c8800000| Untracked 
| 402|0x00000005c9000000, 0x00000005c9000000, 0x00000005c9800000|  0%| F|  |TAMS 0x00000005c9000000, 0x00000005c9000000| Untracked 
| 403|0x00000005c9800000, 0x00000005c9800000, 0x00000005ca000000|  0%| F|  |TAMS 0x00000005c9800000, 0x00000005c9800000| Untracked 
| 404|0x00000005ca000000, 0x00000005ca000000, 0x00000005ca800000|  0%| F|  |TAMS 0x00000005ca000000, 0x00000005ca000000| Untracked 
| 405|0x00000005ca800000, 0x00000005ca800000, 0x00000005cb000000|  0%| F|  |TAMS 0x00000005ca800000, 0x00000005ca800000| Untracked 
| 406|0x00000005cb000000, 0x00000005cb000000, 0x00000005cb800000|  0%| F|  |TAMS 0x00000005cb000000, 0x00000005cb000000| Untracked 
| 407|0x00000005cb800000, 0x00000005cb800000, 0x00000005cc000000|  0%| F|  |TAMS 0x00000005cb800000, 0x00000005cb800000| Untracked 
| 408|0x00000005cc000000, 0x00000005cc000000, 0x00000005cc800000|  0%| F|  |TAMS 0x00000005cc000000, 0x00000005cc000000| Untracked 
| 409|0x00000005cc800000, 0x00000005cc800000, 0x00000005cd000000|  0%| F|  |TAMS 0x00000005cc800000, 0x00000005cc800000| Untracked 
| 410|0x00000005cd000000, 0x00000005cd000000, 0x00000005cd800000|  0%| F|  |TAMS 0x00000005cd000000, 0x00000005cd000000| Untracked 
| 411|0x00000005cd800000, 0x00000005cd800000, 0x00000005ce000000|  0%| F|  |TAMS 0x00000005cd800000, 0x00000005cd800000| Untracked 
| 412|0x00000005ce000000, 0x00000005ce000000, 0x00000005ce800000|  0%| F|  |TAMS 0x00000005ce000000, 0x00000005ce000000| Untracked 
| 413|0x00000005ce800000, 0x00000005ce800000, 0x00000005cf000000|  0%| F|  |TAMS 0x00000005ce800000, 0x00000005ce800000| Untracked 
| 414|0x00000005cf000000, 0x00000005cf000000, 0x00000005cf800000|  0%| F|  |TAMS 0x00000005cf000000, 0x00000005cf000000| Untracked 
| 415|0x00000005cf800000, 0x00000005cf800000, 0x00000005d0000000|  0%| F|  |TAMS 0x00000005cf800000, 0x00000005cf800000| Untracked 
| 416|0x00000005d0000000, 0x00000005d0000000, 0x00000005d0800000|  0%| F|  |TAMS 0x00000005d0000000, 0x00000005d0000000| Untracked 
| 417|0x00000005d0800000, 0x00000005d0800000, 0x00000005d1000000|  0%| F|  |TAMS 0x00000005d0800000, 0x00000005d0800000| Untracked 
| 418|0x00000005d1000000, 0x00000005d1000000, 0x00000005d1800000|  0%| F|  |TAMS 0x00000005d1000000, 0x00000005d1000000| Untracked 
| 419|0x00000005d1800000, 0x00000005d1800000, 0x00000005d2000000|  0%| F|  |TAMS 0x00000005d1800000, 0x00000005d1800000| Untracked 
| 420|0x00000005d2000000, 0x00000005d2000000, 0x00000005d2800000|  0%| F|  |TAMS 0x00000005d2000000, 0x00000005d2000000| Untracked 
| 421|0x00000005d2800000, 0x00000005d2800000, 0x00000005d3000000|  0%| F|  |TAMS 0x00000005d2800000, 0x00000005d2800000| Untracked 
| 422|0x00000005d3000000, 0x00000005d3000000, 0x00000005d3800000|  0%| F|  |TAMS 0x00000005d3000000, 0x00000005d3000000| Untracked 
| 423|0x00000005d3800000, 0x00000005d3800000, 0x00000005d4000000|  0%| F|  |TAMS 0x00000005d3800000, 0x00000005d3800000| Untracked 
| 424|0x00000005d4000000, 0x00000005d4000000, 0x00000005d4800000|  0%| F|  |TAMS 0x00000005d4000000, 0x00000005d4000000| Untracked 
| 425|0x00000005d4800000, 0x00000005d4800000, 0x00000005d5000000|  0%| F|  |TAMS 0x00000005d4800000, 0x00000005d4800000| Untracked 
| 426|0x00000005d5000000, 0x00000005d5000000, 0x00000005d5800000|  0%| F|  |TAMS 0x00000005d5000000, 0x00000005d5000000| Untracked 
| 427|0x00000005d5800000, 0x00000005d5800000, 0x00000005d6000000|  0%| F|  |TAMS 0x00000005d5800000, 0x00000005d5800000| Untracked 
| 428|0x00000005d6000000, 0x00000005d6000000, 0x00000005d6800000|  0%| F|  |TAMS 0x00000005d6000000, 0x00000005d6000000| Untracked 
| 429|0x00000005d6800000, 0x00000005d6800000, 0x00000005d7000000|  0%| F|  |TAMS 0x00000005d6800000, 0x00000005d6800000| Untracked 
| 430|0x00000005d7000000, 0x00000005d7000000, 0x00000005d7800000|  0%| F|  |TAMS 0x00000005d7000000, 0x00000005d7000000| Untracked 
| 431|0x00000005d7800000, 0x00000005d7800000, 0x00000005d8000000|  0%| F|  |TAMS 0x00000005d7800000, 0x00000005d7800000| Untracked 
| 432|0x00000005d8000000, 0x00000005d8000000, 0x00000005d8800000|  0%| F|  |TAMS 0x00000005d8000000, 0x00000005d8000000| Untracked 
| 433|0x00000005d8800000, 0x00000005d8800000, 0x00000005d9000000|  0%| F|  |TAMS 0x00000005d8800000, 0x00000005d8800000| Untracked 
| 434|0x00000005d9000000, 0x00000005d9000000, 0x00000005d9800000|  0%| F|  |TAMS 0x00000005d9000000, 0x00000005d9000000| Untracked 
| 435|0x00000005d9800000, 0x00000005d9800000, 0x00000005da000000|  0%| F|  |TAMS 0x00000005d9800000, 0x00000005d9800000| Untracked 
| 436|0x00000005da000000, 0x00000005da000000, 0x00000005da800000|  0%| F|  |TAMS 0x00000005da000000, 0x00000005da000000| Untracked 
| 437|0x00000005da800000, 0x00000005da800000, 0x00000005db000000|  0%| F|  |TAMS 0x00000005da800000, 0x00000005da800000| Untracked 
| 438|0x00000005db000000, 0x00000005db000000, 0x00000005db800000|  0%| F|  |TAMS 0x00000005db000000, 0x00000005db000000| Untracked 
| 439|0x00000005db800000, 0x00000005db800000, 0x00000005dc000000|  0%| F|  |TAMS 0x00000005db800000, 0x00000005db800000| Untracked 
| 440|0x00000005dc000000, 0x00000005dc000000, 0x00000005dc800000|  0%| F|  |TAMS 0x00000005dc000000, 0x00000005dc000000| Untracked 
| 441|0x00000005dc800000, 0x00000005dc800000, 0x00000005dd000000|  0%| F|  |TAMS 0x00000005dc800000, 0x00000005dc800000| Untracked 
| 442|0x00000005dd000000, 0x00000005dd000000, 0x00000005dd800000|  0%| F|  |TAMS 0x00000005dd000000, 0x00000005dd000000| Untracked 
| 443|0x00000005dd800000, 0x00000005dd800000, 0x00000005de000000|  0%| F|  |TAMS 0x00000005dd800000, 0x00000005dd800000| Untracked 
| 444|0x00000005de000000, 0x00000005de000000, 0x00000005de800000|  0%| F|  |TAMS 0x00000005de000000, 0x00000005de000000| Untracked 
| 445|0x00000005de800000, 0x00000005de800000, 0x00000005df000000|  0%| F|  |TAMS 0x00000005de800000, 0x00000005de800000| Untracked 
| 446|0x00000005df000000, 0x00000005df000000, 0x00000005df800000|  0%| F|  |TAMS 0x00000005df000000, 0x00000005df000000| Untracked 
| 447|0x00000005df800000, 0x00000005df800000, 0x00000005e0000000|  0%| F|  |TAMS 0x00000005df800000, 0x00000005df800000| Untracked 
| 448|0x00000005e0000000, 0x00000005e0000000, 0x00000005e0800000|  0%| F|  |TAMS 0x00000005e0000000, 0x00000005e0000000| Untracked 
| 449|0x00000005e0800000, 0x00000005e0800000, 0x00000005e1000000|  0%| F|  |TAMS 0x00000005e0800000, 0x00000005e0800000| Untracked 
| 450|0x00000005e1000000, 0x00000005e1000000, 0x00000005e1800000|  0%| F|  |TAMS 0x00000005e1000000, 0x00000005e1000000| Untracked 
| 451|0x00000005e1800000, 0x00000005e1800000, 0x00000005e2000000|  0%| F|  |TAMS 0x00000005e1800000, 0x00000005e1800000| Untracked 
| 452|0x00000005e2000000, 0x00000005e2000000, 0x00000005e2800000|  0%| F|  |TAMS 0x00000005e2000000, 0x00000005e2000000| Untracked 
| 453|0x00000005e2800000, 0x00000005e2800000, 0x00000005e3000000|  0%| F|  |TAMS 0x00000005e2800000, 0x00000005e2800000| Untracked 
| 454|0x00000005e3000000, 0x00000005e3000000, 0x00000005e3800000|  0%| F|  |TAMS 0x00000005e3000000, 0x00000005e3000000| Untracked 
| 455|0x00000005e3800000, 0x00000005e3800000, 0x00000005e4000000|  0%| F|  |TAMS 0x00000005e3800000, 0x00000005e3800000| Untracked 
| 456|0x00000005e4000000, 0x00000005e4000000, 0x00000005e4800000|  0%| F|  |TAMS 0x00000005e4000000, 0x00000005e4000000| Untracked 
| 457|0x00000005e4800000, 0x00000005e4800000, 0x00000005e5000000|  0%| F|  |TAMS 0x00000005e4800000, 0x00000005e4800000| Untracked 
| 458|0x00000005e5000000, 0x00000005e5000000, 0x00000005e5800000|  0%| F|  |TAMS 0x00000005e5000000, 0x00000005e5000000| Untracked 
| 459|0x00000005e5800000, 0x00000005e5800000, 0x00000005e6000000|  0%| F|  |TAMS 0x00000005e5800000, 0x00000005e5800000| Untracked 
| 460|0x00000005e6000000, 0x00000005e6000000, 0x00000005e6800000|  0%| F|  |TAMS 0x00000005e6000000, 0x00000005e6000000| Untracked 
| 461|0x00000005e6800000, 0x00000005e6800000, 0x00000005e7000000|  0%| F|  |TAMS 0x00000005e6800000, 0x00000005e6800000| Untracked 
| 462|0x00000005e7000000, 0x00000005e7000000, 0x00000005e7800000|  0%| F|  |TAMS 0x00000005e7000000, 0x00000005e7000000| Untracked 
| 463|0x00000005e7800000, 0x00000005e7800000, 0x00000005e8000000|  0%| F|  |TAMS 0x00000005e7800000, 0x00000005e7800000| Untracked 
| 464|0x00000005e8000000, 0x00000005e8000000, 0x00000005e8800000|  0%| F|  |TAMS 0x00000005e8000000, 0x00000005e8000000| Untracked 
| 465|0x00000005e8800000, 0x00000005e8800000, 0x00000005e9000000|  0%| F|  |TAMS 0x00000005e8800000, 0x00000005e8800000| Untracked 
| 466|0x00000005e9000000, 0x00000005e9000000, 0x00000005e9800000|  0%| F|  |TAMS 0x00000005e9000000, 0x00000005e9000000| Untracked 
| 467|0x00000005e9800000, 0x00000005e9800000, 0x00000005ea000000|  0%| F|  |TAMS 0x00000005e9800000, 0x00000005e9800000| Untracked 
| 468|0x00000005ea000000, 0x00000005ea000000, 0x00000005ea800000|  0%| F|  |TAMS 0x00000005ea000000, 0x00000005ea000000| Untracked 
| 469|0x00000005ea800000, 0x00000005ea800000, 0x00000005eb000000|  0%| F|  |TAMS 0x00000005ea800000, 0x00000005ea800000| Untracked 
| 470|0x00000005eb000000, 0x00000005eb000000, 0x00000005eb800000|  0%| F|  |TAMS 0x00000005eb000000, 0x00000005eb000000| Untracked 
| 471|0x00000005eb800000, 0x00000005eb800000, 0x00000005ec000000|  0%| F|  |TAMS 0x00000005eb800000, 0x00000005eb800000| Untracked 
| 472|0x00000005ec000000, 0x00000005ec000000, 0x00000005ec800000|  0%| F|  |TAMS 0x00000005ec000000, 0x00000005ec000000| Untracked 
| 473|0x00000005ec800000, 0x00000005ec800000, 0x00000005ed000000|  0%| F|  |TAMS 0x00000005ec800000, 0x00000005ec800000| Untracked 
| 474|0x00000005ed000000, 0x00000005ed000000, 0x00000005ed800000|  0%| F|  |TAMS 0x00000005ed000000, 0x00000005ed000000| Untracked 
| 475|0x00000005ed800000, 0x00000005ed800000, 0x00000005ee000000|  0%| F|  |TAMS 0x00000005ed800000, 0x00000005ed800000| Untracked 
| 476|0x00000005ee000000, 0x00000005ee000000, 0x00000005ee800000|  0%| F|  |TAMS 0x00000005ee000000, 0x00000005ee000000| Untracked 
| 477|0x00000005ee800000, 0x00000005ee800000, 0x00000005ef000000|  0%| F|  |TAMS 0x00000005ee800000, 0x00000005ee800000| Untracked 
| 478|0x00000005ef000000, 0x00000005ef000000, 0x00000005ef800000|  0%| F|  |TAMS 0x00000005ef000000, 0x00000005ef000000| Untracked 
| 479|0x00000005ef800000, 0x00000005ef800000, 0x00000005f0000000|  0%| F|  |TAMS 0x00000005ef800000, 0x00000005ef800000| Untracked 
| 480|0x00000005f0000000, 0x00000005f0000000, 0x00000005f0800000|  0%| F|  |TAMS 0x00000005f0000000, 0x00000005f0000000| Untracked 
| 481|0x00000005f0800000, 0x00000005f0800000, 0x00000005f1000000|  0%| F|  |TAMS 0x00000005f0800000, 0x00000005f0800000| Untracked 
| 482|0x00000005f1000000, 0x00000005f1000000, 0x00000005f1800000|  0%| F|  |TAMS 0x00000005f1000000, 0x00000005f1000000| Untracked 
| 483|0x00000005f1800000, 0x00000005f1800000, 0x00000005f2000000|  0%| F|  |TAMS 0x00000005f1800000, 0x00000005f1800000| Untracked 
| 484|0x00000005f2000000, 0x00000005f2000000, 0x00000005f2800000|  0%| F|  |TAMS 0x00000005f2000000, 0x00000005f2000000| Untracked 
| 485|0x00000005f2800000, 0x00000005f2800000, 0x00000005f3000000|  0%| F|  |TAMS 0x00000005f2800000, 0x00000005f2800000| Untracked 
| 486|0x00000005f3000000, 0x00000005f3000000, 0x00000005f3800000|  0%| F|  |TAMS 0x00000005f3000000, 0x00000005f3000000| Untracked 
| 487|0x00000005f3800000, 0x00000005f3800000, 0x00000005f4000000|  0%| F|  |TAMS 0x00000005f3800000, 0x00000005f3800000| Untracked 
| 488|0x00000005f4000000, 0x00000005f4000000, 0x00000005f4800000|  0%| F|  |TAMS 0x00000005f4000000, 0x00000005f4000000| Untracked 
| 489|0x00000005f4800000, 0x00000005f4800000, 0x00000005f5000000|  0%| F|  |TAMS 0x00000005f4800000, 0x00000005f4800000| Untracked 
| 490|0x00000005f5000000, 0x00000005f5000000, 0x00000005f5800000|  0%| F|  |TAMS 0x00000005f5000000, 0x00000005f5000000| Untracked 
| 491|0x00000005f5800000, 0x00000005f5800000, 0x00000005f6000000|  0%| F|  |TAMS 0x00000005f5800000, 0x00000005f5800000| Untracked 
| 492|0x00000005f6000000, 0x00000005f6000000, 0x00000005f6800000|  0%| F|  |TAMS 0x00000005f6000000, 0x00000005f6000000| Untracked 
| 493|0x00000005f6800000, 0x00000005f6800000, 0x00000005f7000000|  0%| F|  |TAMS 0x00000005f6800000, 0x00000005f6800000| Untracked 
| 494|0x00000005f7000000, 0x00000005f7000000, 0x00000005f7800000|  0%| F|  |TAMS 0x00000005f7000000, 0x00000005f7000000| Untracked 
| 495|0x00000005f7800000, 0x00000005f7800000, 0x00000005f8000000|  0%| F|  |TAMS 0x00000005f7800000, 0x00000005f7800000| Untracked 
| 496|0x00000005f8000000, 0x00000005f8000000, 0x00000005f8800000|  0%| F|  |TAMS 0x00000005f8000000, 0x00000005f8000000| Untracked 
| 497|0x00000005f8800000, 0x00000005f8800000, 0x00000005f9000000|  0%| F|  |TAMS 0x00000005f8800000, 0x00000005f8800000| Untracked 
| 498|0x00000005f9000000, 0x00000005f9000000, 0x00000005f9800000|  0%| F|  |TAMS 0x00000005f9000000, 0x00000005f9000000| Untracked 
| 499|0x00000005f9800000, 0x00000005f9800000, 0x00000005fa000000|  0%| F|  |TAMS 0x00000005f9800000, 0x00000005f9800000| Untracked 
| 500|0x00000005fa000000, 0x00000005fa000000, 0x00000005fa800000|  0%| F|  |TAMS 0x00000005fa000000, 0x00000005fa000000| Untracked 
| 501|0x00000005fa800000, 0x00000005fa800000, 0x00000005fb000000|  0%| F|  |TAMS 0x00000005fa800000, 0x00000005fa800000| Untracked 
| 502|0x00000005fb000000, 0x00000005fb000000, 0x00000005fb800000|  0%| F|  |TAMS 0x00000005fb000000, 0x00000005fb000000| Untracked 
| 503|0x00000005fb800000, 0x00000005fb800000, 0x00000005fc000000|  0%| F|  |TAMS 0x00000005fb800000, 0x00000005fb800000| Untracked 
| 504|0x00000005fc000000, 0x00000005fc000000, 0x00000005fc800000|  0%| F|  |TAMS 0x00000005fc000000, 0x00000005fc000000| Untracked 
| 505|0x00000005fc800000, 0x00000005fc800000, 0x00000005fd000000|  0%| F|  |TAMS 0x00000005fc800000, 0x00000005fc800000| Untracked 
| 506|0x00000005fd000000, 0x00000005fd000000, 0x00000005fd800000|  0%| F|  |TAMS 0x00000005fd000000, 0x00000005fd000000| Untracked 
| 507|0x00000005fd800000, 0x00000005fd800000, 0x00000005fe000000|  0%| F|  |TAMS 0x00000005fd800000, 0x00000005fd800000| Untracked 
| 508|0x00000005fe000000, 0x00000005fe000000, 0x00000005fe800000|  0%| F|  |TAMS 0x00000005fe000000, 0x00000005fe000000| Untracked 
| 509|0x00000005fe800000, 0x00000005fe800000, 0x00000005ff000000|  0%| F|  |TAMS 0x00000005fe800000, 0x00000005fe800000| Untracked 
| 510|0x00000005ff000000, 0x00000005ff000000, 0x00000005ff800000|  0%| F|  |TAMS 0x00000005ff000000, 0x00000005ff000000| Untracked 
| 511|0x00000005ff800000, 0x00000005ff800000, 0x0000000600000000|  0%| F|  |TAMS 0x00000005ff800000, 0x00000005ff800000| Untracked 
| 512|0x0000000600000000, 0x0000000600000000, 0x0000000600800000|  0%| F|  |TAMS 0x0000000600000000, 0x0000000600000000| Untracked 
| 513|0x0000000600800000, 0x0000000600800000, 0x0000000601000000|  0%| F|  |TAMS 0x0000000600800000, 0x0000000600800000| Untracked 
| 514|0x0000000601000000, 0x0000000601000000, 0x0000000601800000|  0%| F|  |TAMS 0x0000000601000000, 0x0000000601000000| Untracked 
| 515|0x0000000601800000, 0x0000000601800000, 0x0000000602000000|  0%| F|  |TAMS 0x0000000601800000, 0x0000000601800000| Untracked 
| 516|0x0000000602000000, 0x0000000602000000, 0x0000000602800000|  0%| F|  |TAMS 0x0000000602000000, 0x0000000602000000| Untracked 
| 517|0x0000000602800000, 0x0000000602800000, 0x0000000603000000|  0%| F|  |TAMS 0x0000000602800000, 0x0000000602800000| Untracked 
| 518|0x0000000603000000, 0x0000000603000000, 0x0000000603800000|  0%| F|  |TAMS 0x0000000603000000, 0x0000000603000000| Untracked 
| 519|0x0000000603800000, 0x0000000603800000, 0x0000000604000000|  0%| F|  |TAMS 0x0000000603800000, 0x0000000603800000| Untracked 
| 520|0x0000000604000000, 0x0000000604000000, 0x0000000604800000|  0%| F|  |TAMS 0x0000000604000000, 0x0000000604000000| Untracked 
| 521|0x0000000604800000, 0x0000000604800000, 0x0000000605000000|  0%| F|  |TAMS 0x0000000604800000, 0x0000000604800000| Untracked 
| 522|0x0000000605000000, 0x0000000605000000, 0x0000000605800000|  0%| F|  |TAMS 0x0000000605000000, 0x0000000605000000| Untracked 
| 523|0x0000000605800000, 0x0000000605800000, 0x0000000606000000|  0%| F|  |TAMS 0x0000000605800000, 0x0000000605800000| Untracked 
| 524|0x0000000606000000, 0x0000000606000000, 0x0000000606800000|  0%| F|  |TAMS 0x0000000606000000, 0x0000000606000000| Untracked 
| 525|0x0000000606800000, 0x0000000606800000, 0x0000000607000000|  0%| F|  |TAMS 0x0000000606800000, 0x0000000606800000| Untracked 
| 526|0x0000000607000000, 0x0000000607000000, 0x0000000607800000|  0%| F|  |TAMS 0x0000000607000000, 0x0000000607000000| Untracked 
| 527|0x0000000607800000, 0x0000000607800000, 0x0000000608000000|  0%| F|  |TAMS 0x0000000607800000, 0x0000000607800000| Untracked 
| 528|0x0000000608000000, 0x0000000608000000, 0x0000000608800000|  0%| F|  |TAMS 0x0000000608000000, 0x0000000608000000| Untracked 
| 529|0x0000000608800000, 0x0000000608800000, 0x0000000609000000|  0%| F|  |TAMS 0x0000000608800000, 0x0000000608800000| Untracked 
| 530|0x0000000609000000, 0x0000000609000000, 0x0000000609800000|  0%| F|  |TAMS 0x0000000609000000, 0x0000000609000000| Untracked 
| 531|0x0000000609800000, 0x0000000609800000, 0x000000060a000000|  0%| F|  |TAMS 0x0000000609800000, 0x0000000609800000| Untracked 
| 532|0x000000060a000000, 0x000000060a000000, 0x000000060a800000|  0%| F|  |TAMS 0x000000060a000000, 0x000000060a000000| Untracked 
| 533|0x000000060a800000, 0x000000060a800000, 0x000000060b000000|  0%| F|  |TAMS 0x000000060a800000, 0x000000060a800000| Untracked 
| 534|0x000000060b000000, 0x000000060b000000, 0x000000060b800000|  0%| F|  |TAMS 0x000000060b000000, 0x000000060b000000| Untracked 
| 535|0x000000060b800000, 0x000000060b800000, 0x000000060c000000|  0%| F|  |TAMS 0x000000060b800000, 0x000000060b800000| Untracked 
| 536|0x000000060c000000, 0x000000060c000000, 0x000000060c800000|  0%| F|  |TAMS 0x000000060c000000, 0x000000060c000000| Untracked 
| 537|0x000000060c800000, 0x000000060c800000, 0x000000060d000000|  0%| F|  |TAMS 0x000000060c800000, 0x000000060c800000| Untracked 
| 538|0x000000060d000000, 0x000000060d000000, 0x000000060d800000|  0%| F|  |TAMS 0x000000060d000000, 0x000000060d000000| Untracked 
| 539|0x000000060d800000, 0x000000060d800000, 0x000000060e000000|  0%| F|  |TAMS 0x000000060d800000, 0x000000060d800000| Untracked 
| 540|0x000000060e000000, 0x000000060e000000, 0x000000060e800000|  0%| F|  |TAMS 0x000000060e000000, 0x000000060e000000| Untracked 
| 541|0x000000060e800000, 0x000000060e800000, 0x000000060f000000|  0%| F|  |TAMS 0x000000060e800000, 0x000000060e800000| Untracked 
| 542|0x000000060f000000, 0x000000060f000000, 0x000000060f800000|  0%| F|  |TAMS 0x000000060f000000, 0x000000060f000000| Untracked 
| 543|0x000000060f800000, 0x000000060f800000, 0x0000000610000000|  0%| F|  |TAMS 0x000000060f800000, 0x000000060f800000| Untracked 
| 544|0x0000000610000000, 0x0000000610000000, 0x0000000610800000|  0%| F|  |TAMS 0x0000000610000000, 0x0000000610000000| Untracked 
| 545|0x0000000610800000, 0x0000000610800000, 0x0000000611000000|  0%| F|  |TAMS 0x0000000610800000, 0x0000000610800000| Untracked 
| 546|0x0000000611000000, 0x0000000611000000, 0x0000000611800000|  0%| F|  |TAMS 0x0000000611000000, 0x0000000611000000| Untracked 
| 547|0x0000000611800000, 0x0000000611800000, 0x0000000612000000|  0%| F|  |TAMS 0x0000000611800000, 0x0000000611800000| Untracked 
| 548|0x0000000612000000, 0x0000000612000000, 0x0000000612800000|  0%| F|  |TAMS 0x0000000612000000, 0x0000000612000000| Untracked 
| 549|0x0000000612800000, 0x0000000612800000, 0x0000000613000000|  0%| F|  |TAMS 0x0000000612800000, 0x0000000612800000| Untracked 
| 550|0x0000000613000000, 0x0000000613000000, 0x0000000613800000|  0%| F|  |TAMS 0x0000000613000000, 0x0000000613000000| Untracked 
| 551|0x0000000613800000, 0x0000000613800000, 0x0000000614000000|  0%| F|  |TAMS 0x0000000613800000, 0x0000000613800000| Untracked 
| 552|0x0000000614000000, 0x0000000614000000, 0x0000000614800000|  0%| F|  |TAMS 0x0000000614000000, 0x0000000614000000| Untracked 
| 553|0x0000000614800000, 0x0000000614800000, 0x0000000615000000|  0%| F|  |TAMS 0x0000000614800000, 0x0000000614800000| Untracked 
| 554|0x0000000615000000, 0x0000000615000000, 0x0000000615800000|  0%| F|  |TAMS 0x0000000615000000, 0x0000000615000000| Untracked 
| 555|0x0000000615800000, 0x0000000615800000, 0x0000000616000000|  0%| F|  |TAMS 0x0000000615800000, 0x0000000615800000| Untracked 
| 556|0x0000000616000000, 0x0000000616000000, 0x0000000616800000|  0%| F|  |TAMS 0x0000000616000000, 0x0000000616000000| Untracked 
| 557|0x0000000616800000, 0x0000000616800000, 0x0000000617000000|  0%| F|  |TAMS 0x0000000616800000, 0x0000000616800000| Untracked 
| 558|0x0000000617000000, 0x0000000617000000, 0x0000000617800000|  0%| F|  |TAMS 0x0000000617000000, 0x0000000617000000| Untracked 
| 559|0x0000000617800000, 0x0000000617800000, 0x0000000618000000|  0%| F|  |TAMS 0x0000000617800000, 0x0000000617800000| Untracked 
| 560|0x0000000618000000, 0x0000000618000000, 0x0000000618800000|  0%| F|  |TAMS 0x0000000618000000, 0x0000000618000000| Untracked 
| 561|0x0000000618800000, 0x0000000618800000, 0x0000000619000000|  0%| F|  |TAMS 0x0000000618800000, 0x0000000618800000| Untracked 
| 562|0x0000000619000000, 0x0000000619000000, 0x0000000619800000|  0%| F|  |TAMS 0x0000000619000000, 0x0000000619000000| Untracked 
| 563|0x0000000619800000, 0x0000000619800000, 0x000000061a000000|  0%| F|  |TAMS 0x0000000619800000, 0x0000000619800000| Untracked 
| 564|0x000000061a000000, 0x000000061a000000, 0x000000061a800000|  0%| F|  |TAMS 0x000000061a000000, 0x000000061a000000| Untracked 
| 565|0x000000061a800000, 0x000000061a800000, 0x000000061b000000|  0%| F|  |TAMS 0x000000061a800000, 0x000000061a800000| Untracked 
| 566|0x000000061b000000, 0x000000061b000000, 0x000000061b800000|  0%| F|  |TAMS 0x000000061b000000, 0x000000061b000000| Untracked 
| 567|0x000000061b800000, 0x000000061b800000, 0x000000061c000000|  0%| F|  |TAMS 0x000000061b800000, 0x000000061b800000| Untracked 
| 568|0x000000061c000000, 0x000000061c000000, 0x000000061c800000|  0%| F|  |TAMS 0x000000061c000000, 0x000000061c000000| Untracked 
| 569|0x000000061c800000, 0x000000061c800000, 0x000000061d000000|  0%| F|  |TAMS 0x000000061c800000, 0x000000061c800000| Untracked 
| 570|0x000000061d000000, 0x000000061d000000, 0x000000061d800000|  0%| F|  |TAMS 0x000000061d000000, 0x000000061d000000| Untracked 
| 571|0x000000061d800000, 0x000000061d800000, 0x000000061e000000|  0%| F|  |TAMS 0x000000061d800000, 0x000000061d800000| Untracked 
| 572|0x000000061e000000, 0x000000061e000000, 0x000000061e800000|  0%| F|  |TAMS 0x000000061e000000, 0x000000061e000000| Untracked 
| 573|0x000000061e800000, 0x000000061e800000, 0x000000061f000000|  0%| F|  |TAMS 0x000000061e800000, 0x000000061e800000| Untracked 
| 574|0x000000061f000000, 0x000000061f000000, 0x000000061f800000|  0%| F|  |TAMS 0x000000061f000000, 0x000000061f000000| Untracked 
| 575|0x000000061f800000, 0x000000061f800000, 0x0000000620000000|  0%| F|  |TAMS 0x000000061f800000, 0x000000061f800000| Untracked 
| 576|0x0000000620000000, 0x0000000620000000, 0x0000000620800000|  0%| F|  |TAMS 0x0000000620000000, 0x0000000620000000| Untracked 
| 577|0x0000000620800000, 0x0000000620800000, 0x0000000621000000|  0%| F|  |TAMS 0x0000000620800000, 0x0000000620800000| Untracked 
| 578|0x0000000621000000, 0x0000000621000000, 0x0000000621800000|  0%| F|  |TAMS 0x0000000621000000, 0x0000000621000000| Untracked 
| 579|0x0000000621800000, 0x0000000621800000, 0x0000000622000000|  0%| F|  |TAMS 0x0000000621800000, 0x0000000621800000| Untracked 
| 580|0x0000000622000000, 0x0000000622000000, 0x0000000622800000|  0%| F|  |TAMS 0x0000000622000000, 0x0000000622000000| Untracked 
| 581|0x0000000622800000, 0x0000000622800000, 0x0000000623000000|  0%| F|  |TAMS 0x0000000622800000, 0x0000000622800000| Untracked 
| 582|0x0000000623000000, 0x0000000623000000, 0x0000000623800000|  0%| F|  |TAMS 0x0000000623000000, 0x0000000623000000| Untracked 
| 583|0x0000000623800000, 0x0000000623800000, 0x0000000624000000|  0%| F|  |TAMS 0x0000000623800000, 0x0000000623800000| Untracked 
| 584|0x0000000624000000, 0x0000000624000000, 0x0000000624800000|  0%| F|  |TAMS 0x0000000624000000, 0x0000000624000000| Untracked 
| 585|0x0000000624800000, 0x0000000624800000, 0x0000000625000000|  0%| F|  |TAMS 0x0000000624800000, 0x0000000624800000| Untracked 
| 586|0x0000000625000000, 0x0000000625000000, 0x0000000625800000|  0%| F|  |TAMS 0x0000000625000000, 0x0000000625000000| Untracked 
| 587|0x0000000625800000, 0x0000000625800000, 0x0000000626000000|  0%| F|  |TAMS 0x0000000625800000, 0x0000000625800000| Untracked 
| 588|0x0000000626000000, 0x0000000626000000, 0x0000000626800000|  0%| F|  |TAMS 0x0000000626000000, 0x0000000626000000| Untracked 
| 589|0x0000000626800000, 0x0000000626800000, 0x0000000627000000|  0%| F|  |TAMS 0x0000000626800000, 0x0000000626800000| Untracked 
| 590|0x0000000627000000, 0x0000000627000000, 0x0000000627800000|  0%| F|  |TAMS 0x0000000627000000, 0x0000000627000000| Untracked 
| 591|0x0000000627800000, 0x0000000627800000, 0x0000000628000000|  0%| F|  |TAMS 0x0000000627800000, 0x0000000627800000| Untracked 
| 592|0x0000000628000000, 0x0000000628000000, 0x0000000628800000|  0%| F|  |TAMS 0x0000000628000000, 0x0000000628000000| Untracked 
| 593|0x0000000628800000, 0x0000000628800000, 0x0000000629000000|  0%| F|  |TAMS 0x0000000628800000, 0x0000000628800000| Untracked 
| 594|0x0000000629000000, 0x0000000629000000, 0x0000000629800000|  0%| F|  |TAMS 0x0000000629000000, 0x0000000629000000| Untracked 
| 595|0x0000000629800000, 0x0000000629800000, 0x000000062a000000|  0%| F|  |TAMS 0x0000000629800000, 0x0000000629800000| Untracked 
| 596|0x000000062a000000, 0x000000062a000000, 0x000000062a800000|  0%| F|  |TAMS 0x000000062a000000, 0x000000062a000000| Untracked 
| 597|0x000000062a800000, 0x000000062a800000, 0x000000062b000000|  0%| F|  |TAMS 0x000000062a800000, 0x000000062a800000| Untracked 
| 598|0x000000062b000000, 0x000000062b000000, 0x000000062b800000|  0%| F|  |TAMS 0x000000062b000000, 0x000000062b000000| Untracked 
| 599|0x000000062b800000, 0x000000062b800000, 0x000000062c000000|  0%| F|  |TAMS 0x000000062b800000, 0x000000062b800000| Untracked 
| 600|0x000000062c000000, 0x000000062c000000, 0x000000062c800000|  0%| F|  |TAMS 0x000000062c000000, 0x000000062c000000| Untracked 
| 601|0x000000062c800000, 0x000000062c800000, 0x000000062d000000|  0%| F|  |TAMS 0x000000062c800000, 0x000000062c800000| Untracked 
| 602|0x000000062d000000, 0x000000062d000000, 0x000000062d800000|  0%| F|  |TAMS 0x000000062d000000, 0x000000062d000000| Untracked 
| 603|0x000000062d800000, 0x000000062d800000, 0x000000062e000000|  0%| F|  |TAMS 0x000000062d800000, 0x000000062d800000| Untracked 
| 604|0x000000062e000000, 0x000000062e000000, 0x000000062e800000|  0%| F|  |TAMS 0x000000062e000000, 0x000000062e000000| Untracked 
| 605|0x000000062e800000, 0x000000062e800000, 0x000000062f000000|  0%| F|  |TAMS 0x000000062e800000, 0x000000062e800000| Untracked 
| 606|0x000000062f000000, 0x000000062f000000, 0x000000062f800000|  0%| F|  |TAMS 0x000000062f000000, 0x000000062f000000| Untracked 
| 607|0x000000062f800000, 0x000000062f800000, 0x0000000630000000|  0%| F|  |TAMS 0x000000062f800000, 0x000000062f800000| Untracked 
| 608|0x0000000630000000, 0x0000000630000000, 0x0000000630800000|  0%| F|  |TAMS 0x0000000630000000, 0x0000000630000000| Untracked 
| 609|0x0000000630800000, 0x0000000630800000, 0x0000000631000000|  0%| F|  |TAMS 0x0000000630800000, 0x0000000630800000| Untracked 
| 610|0x0000000631000000, 0x0000000631000000, 0x0000000631800000|  0%| F|  |TAMS 0x0000000631000000, 0x0000000631000000| Untracked 
| 611|0x0000000631800000, 0x0000000631800000, 0x0000000632000000|  0%| F|  |TAMS 0x0000000631800000, 0x0000000631800000| Untracked 
| 612|0x0000000632000000, 0x0000000632000000, 0x0000000632800000|  0%| F|  |TAMS 0x0000000632000000, 0x0000000632000000| Untracked 
| 613|0x0000000632800000, 0x0000000632800000, 0x0000000633000000|  0%| F|  |TAMS 0x0000000632800000, 0x0000000632800000| Untracked 
| 614|0x0000000633000000, 0x0000000633000000, 0x0000000633800000|  0%| F|  |TAMS 0x0000000633000000, 0x0000000633000000| Untracked 
| 615|0x0000000633800000, 0x0000000633800000, 0x0000000634000000|  0%| F|  |TAMS 0x0000000633800000, 0x0000000633800000| Untracked 
| 616|0x0000000634000000, 0x0000000634000000, 0x0000000634800000|  0%| F|  |TAMS 0x0000000634000000, 0x0000000634000000| Untracked 
| 617|0x0000000634800000, 0x0000000634800000, 0x0000000635000000|  0%| F|  |TAMS 0x0000000634800000, 0x0000000634800000| Untracked 
| 618|0x0000000635000000, 0x0000000635000000, 0x0000000635800000|  0%| F|  |TAMS 0x0000000635000000, 0x0000000635000000| Untracked 
| 619|0x0000000635800000, 0x0000000635800000, 0x0000000636000000|  0%| F|  |TAMS 0x0000000635800000, 0x0000000635800000| Untracked 
| 620|0x0000000636000000, 0x0000000636000000, 0x0000000636800000|  0%| F|  |TAMS 0x0000000636000000, 0x0000000636000000| Untracked 
| 621|0x0000000636800000, 0x0000000636800000, 0x0000000637000000|  0%| F|  |TAMS 0x0000000636800000, 0x0000000636800000| Untracked 
| 622|0x0000000637000000, 0x0000000637000000, 0x0000000637800000|  0%| F|  |TAMS 0x0000000637000000, 0x0000000637000000| Untracked 
| 623|0x0000000637800000, 0x0000000637800000, 0x0000000638000000|  0%| F|  |TAMS 0x0000000637800000, 0x0000000637800000| Untracked 
| 624|0x0000000638000000, 0x0000000638000000, 0x0000000638800000|  0%| F|  |TAMS 0x0000000638000000, 0x0000000638000000| Untracked 
| 625|0x0000000638800000, 0x0000000638800000, 0x0000000639000000|  0%| F|  |TAMS 0x0000000638800000, 0x0000000638800000| Untracked 
| 626|0x0000000639000000, 0x0000000639000000, 0x0000000639800000|  0%| F|  |TAMS 0x0000000639000000, 0x0000000639000000| Untracked 
| 627|0x0000000639800000, 0x0000000639800000, 0x000000063a000000|  0%| F|  |TAMS 0x0000000639800000, 0x0000000639800000| Untracked 
| 628|0x000000063a000000, 0x000000063a000000, 0x000000063a800000|  0%| F|  |TAMS 0x000000063a000000, 0x000000063a000000| Untracked 
| 629|0x000000063a800000, 0x000000063a800000, 0x000000063b000000|  0%| F|  |TAMS 0x000000063a800000, 0x000000063a800000| Untracked 
| 630|0x000000063b000000, 0x000000063b000000, 0x000000063b800000|  0%| F|  |TAMS 0x000000063b000000, 0x000000063b000000| Untracked 
| 631|0x000000063b800000, 0x000000063b800000, 0x000000063c000000|  0%| F|  |TAMS 0x000000063b800000, 0x000000063b800000| Untracked 
| 632|0x000000063c000000, 0x000000063c000000, 0x000000063c800000|  0%| F|  |TAMS 0x000000063c000000, 0x000000063c000000| Untracked 
| 633|0x000000063c800000, 0x000000063c800000, 0x000000063d000000|  0%| F|  |TAMS 0x000000063c800000, 0x000000063c800000| Untracked 
| 634|0x000000063d000000, 0x000000063d000000, 0x000000063d800000|  0%| F|  |TAMS 0x000000063d000000, 0x000000063d000000| Untracked 
| 635|0x000000063d800000, 0x000000063d800000, 0x000000063e000000|  0%| F|  |TAMS 0x000000063d800000, 0x000000063d800000| Untracked 
| 636|0x000000063e000000, 0x000000063e000000, 0x000000063e800000|  0%| F|  |TAMS 0x000000063e000000, 0x000000063e000000| Untracked 
| 637|0x000000063e800000, 0x000000063e800000, 0x000000063f000000|  0%| F|  |TAMS 0x000000063e800000, 0x000000063e800000| Untracked 
| 638|0x000000063f000000, 0x000000063f000000, 0x000000063f800000|  0%| F|  |TAMS 0x000000063f000000, 0x000000063f000000| Untracked 
| 639|0x000000063f800000, 0x000000063f800000, 0x0000000640000000|  0%| F|  |TAMS 0x000000063f800000, 0x000000063f800000| Untracked 
| 640|0x0000000640000000, 0x0000000640000000, 0x0000000640800000|  0%| F|  |TAMS 0x0000000640000000, 0x0000000640000000| Untracked 
| 641|0x0000000640800000, 0x0000000640800000, 0x0000000641000000|  0%| F|  |TAMS 0x0000000640800000, 0x0000000640800000| Untracked 
| 642|0x0000000641000000, 0x0000000641000000, 0x0000000641800000|  0%| F|  |TAMS 0x0000000641000000, 0x0000000641000000| Untracked 
| 643|0x0000000641800000, 0x0000000641800000, 0x0000000642000000|  0%| F|  |TAMS 0x0000000641800000, 0x0000000641800000| Untracked 
| 644|0x0000000642000000, 0x0000000642000000, 0x0000000642800000|  0%| F|  |TAMS 0x0000000642000000, 0x0000000642000000| Untracked 
| 645|0x0000000642800000, 0x0000000642800000, 0x0000000643000000|  0%| F|  |TAMS 0x0000000642800000, 0x0000000642800000| Untracked 
| 646|0x0000000643000000, 0x0000000643000000, 0x0000000643800000|  0%| F|  |TAMS 0x0000000643000000, 0x0000000643000000| Untracked 
| 647|0x0000000643800000, 0x0000000643800000, 0x0000000644000000|  0%| F|  |TAMS 0x0000000643800000, 0x0000000643800000| Untracked 
| 648|0x0000000644000000, 0x0000000644000000, 0x0000000644800000|  0%| F|  |TAMS 0x0000000644000000, 0x0000000644000000| Untracked 
| 649|0x0000000644800000, 0x0000000644800000, 0x0000000645000000|  0%| F|  |TAMS 0x0000000644800000, 0x0000000644800000| Untracked 
| 650|0x0000000645000000, 0x0000000645000000, 0x0000000645800000|  0%| F|  |TAMS 0x0000000645000000, 0x0000000645000000| Untracked 
| 651|0x0000000645800000, 0x0000000645800000, 0x0000000646000000|  0%| F|  |TAMS 0x0000000645800000, 0x0000000645800000| Untracked 
| 652|0x0000000646000000, 0x0000000646000000, 0x0000000646800000|  0%| F|  |TAMS 0x0000000646000000, 0x0000000646000000| Untracked 
| 653|0x0000000646800000, 0x0000000646800000, 0x0000000647000000|  0%| F|  |TAMS 0x0000000646800000, 0x0000000646800000| Untracked 
| 654|0x0000000647000000, 0x0000000647000000, 0x0000000647800000|  0%| F|  |TAMS 0x0000000647000000, 0x0000000647000000| Untracked 
| 655|0x0000000647800000, 0x0000000647800000, 0x0000000648000000|  0%| F|  |TAMS 0x0000000647800000, 0x0000000647800000| Untracked 
| 656|0x0000000648000000, 0x0000000648000000, 0x0000000648800000|  0%| F|  |TAMS 0x0000000648000000, 0x0000000648000000| Untracked 
| 657|0x0000000648800000, 0x0000000648800000, 0x0000000649000000|  0%| F|  |TAMS 0x0000000648800000, 0x0000000648800000| Untracked 
| 658|0x0000000649000000, 0x0000000649000000, 0x0000000649800000|  0%| F|  |TAMS 0x0000000649000000, 0x0000000649000000| Untracked 
| 659|0x0000000649800000, 0x0000000649800000, 0x000000064a000000|  0%| F|  |TAMS 0x0000000649800000, 0x0000000649800000| Untracked 
| 660|0x000000064a000000, 0x000000064a000000, 0x000000064a800000|  0%| F|  |TAMS 0x000000064a000000, 0x000000064a000000| Untracked 
| 661|0x000000064a800000, 0x000000064a800000, 0x000000064b000000|  0%| F|  |TAMS 0x000000064a800000, 0x000000064a800000| Untracked 
| 662|0x000000064b000000, 0x000000064b000000, 0x000000064b800000|  0%| F|  |TAMS 0x000000064b000000, 0x000000064b000000| Untracked 
| 663|0x000000064b800000, 0x000000064b800000, 0x000000064c000000|  0%| F|  |TAMS 0x000000064b800000, 0x000000064b800000| Untracked 
| 664|0x000000064c000000, 0x000000064c000000, 0x000000064c800000|  0%| F|  |TAMS 0x000000064c000000, 0x000000064c000000| Untracked 
| 665|0x000000064c800000, 0x000000064c800000, 0x000000064d000000|  0%| F|  |TAMS 0x000000064c800000, 0x000000064c800000| Untracked 
| 666|0x000000064d000000, 0x000000064d000000, 0x000000064d800000|  0%| F|  |TAMS 0x000000064d000000, 0x000000064d000000| Untracked 
| 667|0x000000064d800000, 0x000000064d800000, 0x000000064e000000|  0%| F|  |TAMS 0x000000064d800000, 0x000000064d800000| Untracked 
| 668|0x000000064e000000, 0x000000064e000000, 0x000000064e800000|  0%| F|  |TAMS 0x000000064e000000, 0x000000064e000000| Untracked 
| 669|0x000000064e800000, 0x000000064e800000, 0x000000064f000000|  0%| F|  |TAMS 0x000000064e800000, 0x000000064e800000| Untracked 
| 670|0x000000064f000000, 0x000000064f000000, 0x000000064f800000|  0%| F|  |TAMS 0x000000064f000000, 0x000000064f000000| Untracked 
| 671|0x000000064f800000, 0x000000064f800000, 0x0000000650000000|  0%| F|  |TAMS 0x000000064f800000, 0x000000064f800000| Untracked 
| 672|0x0000000650000000, 0x0000000650000000, 0x0000000650800000|  0%| F|  |TAMS 0x0000000650000000, 0x0000000650000000| Untracked 
| 673|0x0000000650800000, 0x0000000650800000, 0x0000000651000000|  0%| F|  |TAMS 0x0000000650800000, 0x0000000650800000| Untracked 
| 674|0x0000000651000000, 0x0000000651000000, 0x0000000651800000|  0%| F|  |TAMS 0x0000000651000000, 0x0000000651000000| Untracked 
| 675|0x0000000651800000, 0x0000000651800000, 0x0000000652000000|  0%| F|  |TAMS 0x0000000651800000, 0x0000000651800000| Untracked 
| 676|0x0000000652000000, 0x0000000652000000, 0x0000000652800000|  0%| F|  |TAMS 0x0000000652000000, 0x0000000652000000| Untracked 
| 677|0x0000000652800000, 0x0000000652800000, 0x0000000653000000|  0%| F|  |TAMS 0x0000000652800000, 0x0000000652800000| Untracked 
| 678|0x0000000653000000, 0x0000000653000000, 0x0000000653800000|  0%| F|  |TAMS 0x0000000653000000, 0x0000000653000000| Untracked 
| 679|0x0000000653800000, 0x0000000653800000, 0x0000000654000000|  0%| F|  |TAMS 0x0000000653800000, 0x0000000653800000| Untracked 
| 680|0x0000000654000000, 0x0000000654000000, 0x0000000654800000|  0%| F|  |TAMS 0x0000000654000000, 0x0000000654000000| Untracked 
| 681|0x0000000654800000, 0x0000000654800000, 0x0000000655000000|  0%| F|  |TAMS 0x0000000654800000, 0x0000000654800000| Untracked 
| 682|0x0000000655000000, 0x0000000655000000, 0x0000000655800000|  0%| F|  |TAMS 0x0000000655000000, 0x0000000655000000| Untracked 
| 683|0x0000000655800000, 0x0000000655800000, 0x0000000656000000|  0%| F|  |TAMS 0x0000000655800000, 0x0000000655800000| Untracked 
| 684|0x0000000656000000, 0x0000000656000000, 0x0000000656800000|  0%| F|  |TAMS 0x0000000656000000, 0x0000000656000000| Untracked 
| 685|0x0000000656800000, 0x0000000656800000, 0x0000000657000000|  0%| F|  |TAMS 0x0000000656800000, 0x0000000656800000| Untracked 
| 686|0x0000000657000000, 0x0000000657000000, 0x0000000657800000|  0%| F|  |TAMS 0x0000000657000000, 0x0000000657000000| Untracked 
| 687|0x0000000657800000, 0x0000000657800000, 0x0000000658000000|  0%| F|  |TAMS 0x0000000657800000, 0x0000000657800000| Untracked 
| 688|0x0000000658000000, 0x0000000658000000, 0x0000000658800000|  0%| F|  |TAMS 0x0000000658000000, 0x0000000658000000| Untracked 
| 689|0x0000000658800000, 0x0000000658800000, 0x0000000659000000|  0%| F|  |TAMS 0x0000000658800000, 0x0000000658800000| Untracked 
| 690|0x0000000659000000, 0x0000000659000000, 0x0000000659800000|  0%| F|  |TAMS 0x0000000659000000, 0x0000000659000000| Untracked 
| 691|0x0000000659800000, 0x0000000659800000, 0x000000065a000000|  0%| F|  |TAMS 0x0000000659800000, 0x0000000659800000| Untracked 
| 692|0x000000065a000000, 0x000000065a000000, 0x000000065a800000|  0%| F|  |TAMS 0x000000065a000000, 0x000000065a000000| Untracked 
| 693|0x000000065a800000, 0x000000065a800000, 0x000000065b000000|  0%| F|  |TAMS 0x000000065a800000, 0x000000065a800000| Untracked 
| 694|0x000000065b000000, 0x000000065b000000, 0x000000065b800000|  0%| F|  |TAMS 0x000000065b000000, 0x000000065b000000| Untracked 
| 695|0x000000065b800000, 0x000000065b800000, 0x000000065c000000|  0%| F|  |TAMS 0x000000065b800000, 0x000000065b800000| Untracked 
| 696|0x000000065c000000, 0x000000065c000000, 0x000000065c800000|  0%| F|  |TAMS 0x000000065c000000, 0x000000065c000000| Untracked 
| 697|0x000000065c800000, 0x000000065c800000, 0x000000065d000000|  0%| F|  |TAMS 0x000000065c800000, 0x000000065c800000| Untracked 
| 698|0x000000065d000000, 0x000000065d000000, 0x000000065d800000|  0%| F|  |TAMS 0x000000065d000000, 0x000000065d000000| Untracked 
| 699|0x000000065d800000, 0x000000065d800000, 0x000000065e000000|  0%| F|  |TAMS 0x000000065d800000, 0x000000065d800000| Untracked 
| 700|0x000000065e000000, 0x000000065e000000, 0x000000065e800000|  0%| F|  |TAMS 0x000000065e000000, 0x000000065e000000| Untracked 
| 701|0x000000065e800000, 0x000000065e800000, 0x000000065f000000|  0%| F|  |TAMS 0x000000065e800000, 0x000000065e800000| Untracked 
| 702|0x000000065f000000, 0x000000065f000000, 0x000000065f800000|  0%| F|  |TAMS 0x000000065f000000, 0x000000065f000000| Untracked 
| 703|0x000000065f800000, 0x000000065f800000, 0x0000000660000000|  0%| F|  |TAMS 0x000000065f800000, 0x000000065f800000| Untracked 
| 704|0x0000000660000000, 0x0000000660000000, 0x0000000660800000|  0%| F|  |TAMS 0x0000000660000000, 0x0000000660000000| Untracked 
| 705|0x0000000660800000, 0x0000000660800000, 0x0000000661000000|  0%| F|  |TAMS 0x0000000660800000, 0x0000000660800000| Untracked 
| 706|0x0000000661000000, 0x0000000661000000, 0x0000000661800000|  0%| F|  |TAMS 0x0000000661000000, 0x0000000661000000| Untracked 
| 707|0x0000000661800000, 0x0000000661800000, 0x0000000662000000|  0%| F|  |TAMS 0x0000000661800000, 0x0000000661800000| Untracked 
| 708|0x0000000662000000, 0x0000000662000000, 0x0000000662800000|  0%| F|  |TAMS 0x0000000662000000, 0x0000000662000000| Untracked 
| 709|0x0000000662800000, 0x0000000662800000, 0x0000000663000000|  0%| F|  |TAMS 0x0000000662800000, 0x0000000662800000| Untracked 
| 710|0x0000000663000000, 0x0000000663000000, 0x0000000663800000|  0%| F|  |TAMS 0x0000000663000000, 0x0000000663000000| Untracked 
| 711|0x0000000663800000, 0x0000000663800000, 0x0000000664000000|  0%| F|  |TAMS 0x0000000663800000, 0x0000000663800000| Untracked 
| 712|0x0000000664000000, 0x0000000664000000, 0x0000000664800000|  0%| F|  |TAMS 0x0000000664000000, 0x0000000664000000| Untracked 
| 713|0x0000000664800000, 0x0000000664800000, 0x0000000665000000|  0%| F|  |TAMS 0x0000000664800000, 0x0000000664800000| Untracked 
| 714|0x0000000665000000, 0x0000000665000000, 0x0000000665800000|  0%| F|  |TAMS 0x0000000665000000, 0x0000000665000000| Untracked 
| 715|0x0000000665800000, 0x0000000665800000, 0x0000000666000000|  0%| F|  |TAMS 0x0000000665800000, 0x0000000665800000| Untracked 
| 716|0x0000000666000000, 0x0000000666000000, 0x0000000666800000|  0%| F|  |TAMS 0x0000000666000000, 0x0000000666000000| Untracked 
| 717|0x0000000666800000, 0x0000000666800000, 0x0000000667000000|  0%| F|  |TAMS 0x0000000666800000, 0x0000000666800000| Untracked 
| 718|0x0000000667000000, 0x0000000667000000, 0x0000000667800000|  0%| F|  |TAMS 0x0000000667000000, 0x0000000667000000| Untracked 
| 719|0x0000000667800000, 0x0000000667800000, 0x0000000668000000|  0%| F|  |TAMS 0x0000000667800000, 0x0000000667800000| Untracked 
| 720|0x0000000668000000, 0x0000000668000000, 0x0000000668800000|  0%| F|  |TAMS 0x0000000668000000, 0x0000000668000000| Untracked 
| 721|0x0000000668800000, 0x0000000668800000, 0x0000000669000000|  0%| F|  |TAMS 0x0000000668800000, 0x0000000668800000| Untracked 
| 722|0x0000000669000000, 0x0000000669000000, 0x0000000669800000|  0%| F|  |TAMS 0x0000000669000000, 0x0000000669000000| Untracked 
| 723|0x0000000669800000, 0x0000000669800000, 0x000000066a000000|  0%| F|  |TAMS 0x0000000669800000, 0x0000000669800000| Untracked 
| 724|0x000000066a000000, 0x000000066a000000, 0x000000066a800000|  0%| F|  |TAMS 0x000000066a000000, 0x000000066a000000| Untracked 
| 725|0x000000066a800000, 0x000000066a800000, 0x000000066b000000|  0%| F|  |TAMS 0x000000066a800000, 0x000000066a800000| Untracked 
| 726|0x000000066b000000, 0x000000066b000000, 0x000000066b800000|  0%| F|  |TAMS 0x000000066b000000, 0x000000066b000000| Untracked 
| 727|0x000000066b800000, 0x000000066b800000, 0x000000066c000000|  0%| F|  |TAMS 0x000000066b800000, 0x000000066b800000| Untracked 
| 728|0x000000066c000000, 0x000000066c000000, 0x000000066c800000|  0%| F|  |TAMS 0x000000066c000000, 0x000000066c000000| Untracked 
| 729|0x000000066c800000, 0x000000066c800000, 0x000000066d000000|  0%| F|  |TAMS 0x000000066c800000, 0x000000066c800000| Untracked 
| 730|0x000000066d000000, 0x000000066d000000, 0x000000066d800000|  0%| F|  |TAMS 0x000000066d000000, 0x000000066d000000| Untracked 
| 731|0x000000066d800000, 0x000000066d800000, 0x000000066e000000|  0%| F|  |TAMS 0x000000066d800000, 0x000000066d800000| Untracked 
| 732|0x000000066e000000, 0x000000066e000000, 0x000000066e800000|  0%| F|  |TAMS 0x000000066e000000, 0x000000066e000000| Untracked 
| 733|0x000000066e800000, 0x000000066e800000, 0x000000066f000000|  0%| F|  |TAMS 0x000000066e800000, 0x000000066e800000| Untracked 
| 734|0x000000066f000000, 0x000000066f000000, 0x000000066f800000|  0%| F|  |TAMS 0x000000066f000000, 0x000000066f000000| Untracked 
| 735|0x000000066f800000, 0x000000066f800000, 0x0000000670000000|  0%| F|  |TAMS 0x000000066f800000, 0x000000066f800000| Untracked 
| 736|0x0000000670000000, 0x0000000670000000, 0x0000000670800000|  0%| F|  |TAMS 0x0000000670000000, 0x0000000670000000| Untracked 
| 737|0x0000000670800000, 0x0000000670800000, 0x0000000671000000|  0%| F|  |TAMS 0x0000000670800000, 0x0000000670800000| Untracked 
| 738|0x0000000671000000, 0x0000000671000000, 0x0000000671800000|  0%| F|  |TAMS 0x0000000671000000, 0x0000000671000000| Untracked 
| 739|0x0000000671800000, 0x0000000671800000, 0x0000000672000000|  0%| F|  |TAMS 0x0000000671800000, 0x0000000671800000| Untracked 
| 740|0x0000000672000000, 0x0000000672000000, 0x0000000672800000|  0%| F|  |TAMS 0x0000000672000000, 0x0000000672000000| Untracked 
| 741|0x0000000672800000, 0x0000000672800000, 0x0000000673000000|  0%| F|  |TAMS 0x0000000672800000, 0x0000000672800000| Untracked 
| 742|0x0000000673000000, 0x0000000673000000, 0x0000000673800000|  0%| F|  |TAMS 0x0000000673000000, 0x0000000673000000| Untracked 
| 743|0x0000000673800000, 0x0000000673800000, 0x0000000674000000|  0%| F|  |TAMS 0x0000000673800000, 0x0000000673800000| Untracked 
| 744|0x0000000674000000, 0x0000000674000000, 0x0000000674800000|  0%| F|  |TAMS 0x0000000674000000, 0x0000000674000000| Untracked 
| 745|0x0000000674800000, 0x0000000674800000, 0x0000000675000000|  0%| F|  |TAMS 0x0000000674800000, 0x0000000674800000| Untracked 
| 746|0x0000000675000000, 0x0000000675000000, 0x0000000675800000|  0%| F|  |TAMS 0x0000000675000000, 0x0000000675000000| Untracked 
| 747|0x0000000675800000, 0x0000000675800000, 0x0000000676000000|  0%| F|  |TAMS 0x0000000675800000, 0x0000000675800000| Untracked 
| 748|0x0000000676000000, 0x0000000676000000, 0x0000000676800000|  0%| F|  |TAMS 0x0000000676000000, 0x0000000676000000| Untracked 
| 749|0x0000000676800000, 0x0000000676800000, 0x0000000677000000|  0%| F|  |TAMS 0x0000000676800000, 0x0000000676800000| Untracked 
| 750|0x0000000677000000, 0x0000000677000000, 0x0000000677800000|  0%| F|  |TAMS 0x0000000677000000, 0x0000000677000000| Untracked 
| 751|0x0000000677800000, 0x0000000677800000, 0x0000000678000000|  0%| F|  |TAMS 0x0000000677800000, 0x0000000677800000| Untracked 
| 752|0x0000000678000000, 0x0000000678000000, 0x0000000678800000|  0%| F|  |TAMS 0x0000000678000000, 0x0000000678000000| Untracked 
| 753|0x0000000678800000, 0x0000000678800000, 0x0000000679000000|  0%| F|  |TAMS 0x0000000678800000, 0x0000000678800000| Untracked 
| 754|0x0000000679000000, 0x0000000679000000, 0x0000000679800000|  0%| F|  |TAMS 0x0000000679000000, 0x0000000679000000| Untracked 
| 755|0x0000000679800000, 0x0000000679800000, 0x000000067a000000|  0%| F|  |TAMS 0x0000000679800000, 0x0000000679800000| Untracked 
| 756|0x000000067a000000, 0x000000067a000000, 0x000000067a800000|  0%| F|  |TAMS 0x000000067a000000, 0x000000067a000000| Untracked 
| 757|0x000000067a800000, 0x000000067a800000, 0x000000067b000000|  0%| F|  |TAMS 0x000000067a800000, 0x000000067a800000| Untracked 
| 758|0x000000067b000000, 0x000000067b000000, 0x000000067b800000|  0%| F|  |TAMS 0x000000067b000000, 0x000000067b000000| Untracked 
| 759|0x000000067b800000, 0x000000067b800000, 0x000000067c000000|  0%| F|  |TAMS 0x000000067b800000, 0x000000067b800000| Untracked 
| 760|0x000000067c000000, 0x000000067c000000, 0x000000067c800000|  0%| F|  |TAMS 0x000000067c000000, 0x000000067c000000| Untracked 
| 761|0x000000067c800000, 0x000000067c800000, 0x000000067d000000|  0%| F|  |TAMS 0x000000067c800000, 0x000000067c800000| Untracked 
| 762|0x000000067d000000, 0x000000067d000000, 0x000000067d800000|  0%| F|  |TAMS 0x000000067d000000, 0x000000067d000000| Untracked 
| 763|0x000000067d800000, 0x000000067d800000, 0x000000067e000000|  0%| F|  |TAMS 0x000000067d800000, 0x000000067d800000| Untracked 
| 764|0x000000067e000000, 0x000000067e000000, 0x000000067e800000|  0%| F|  |TAMS 0x000000067e000000, 0x000000067e000000| Untracked 
| 765|0x000000067e800000, 0x000000067e800000, 0x000000067f000000|  0%| F|  |TAMS 0x000000067e800000, 0x000000067e800000| Untracked 
| 766|0x000000067f000000, 0x000000067f000000, 0x000000067f800000|  0%| F|  |TAMS 0x000000067f000000, 0x000000067f000000| Untracked 
| 767|0x000000067f800000, 0x000000067f800000, 0x0000000680000000|  0%| F|  |TAMS 0x000000067f800000, 0x000000067f800000| Untracked 
| 768|0x0000000680000000, 0x0000000680000000, 0x0000000680800000|  0%| F|  |TAMS 0x0000000680000000, 0x0000000680000000| Untracked 
| 769|0x0000000680800000, 0x0000000680800000, 0x0000000681000000|  0%| F|  |TAMS 0x0000000680800000, 0x0000000680800000| Untracked 
| 770|0x0000000681000000, 0x0000000681000000, 0x0000000681800000|  0%| F|  |TAMS 0x0000000681000000, 0x0000000681000000| Untracked 
| 771|0x0000000681800000, 0x0000000681800000, 0x0000000682000000|  0%| F|  |TAMS 0x0000000681800000, 0x0000000681800000| Untracked 
| 772|0x0000000682000000, 0x0000000682000000, 0x0000000682800000|  0%| F|  |TAMS 0x0000000682000000, 0x0000000682000000| Untracked 
| 773|0x0000000682800000, 0x0000000682800000, 0x0000000683000000|  0%| F|  |TAMS 0x0000000682800000, 0x0000000682800000| Untracked 
| 774|0x0000000683000000, 0x0000000683000000, 0x0000000683800000|  0%| F|  |TAMS 0x0000000683000000, 0x0000000683000000| Untracked 
| 775|0x0000000683800000, 0x0000000683800000, 0x0000000684000000|  0%| F|  |TAMS 0x0000000683800000, 0x0000000683800000| Untracked 
| 776|0x0000000684000000, 0x0000000684000000, 0x0000000684800000|  0%| F|  |TAMS 0x0000000684000000, 0x0000000684000000| Untracked 
| 777|0x0000000684800000, 0x0000000684800000, 0x0000000685000000|  0%| F|  |TAMS 0x0000000684800000, 0x0000000684800000| Untracked 
| 778|0x0000000685000000, 0x0000000685000000, 0x0000000685800000|  0%| F|  |TAMS 0x0000000685000000, 0x0000000685000000| Untracked 
| 779|0x0000000685800000, 0x0000000685800000, 0x0000000686000000|  0%| F|  |TAMS 0x0000000685800000, 0x0000000685800000| Untracked 
| 780|0x0000000686000000, 0x0000000686000000, 0x0000000686800000|  0%| F|  |TAMS 0x0000000686000000, 0x0000000686000000| Untracked 
| 781|0x0000000686800000, 0x0000000686800000, 0x0000000687000000|  0%| F|  |TAMS 0x0000000686800000, 0x0000000686800000| Untracked 
| 782|0x0000000687000000, 0x0000000687000000, 0x0000000687800000|  0%| F|  |TAMS 0x0000000687000000, 0x0000000687000000| Untracked 
| 783|0x0000000687800000, 0x0000000687800000, 0x0000000688000000|  0%| F|  |TAMS 0x0000000687800000, 0x0000000687800000| Untracked 
| 784|0x0000000688000000, 0x0000000688000000, 0x0000000688800000|  0%| F|  |TAMS 0x0000000688000000, 0x0000000688000000| Untracked 
| 785|0x0000000688800000, 0x0000000688800000, 0x0000000689000000|  0%| F|  |TAMS 0x0000000688800000, 0x0000000688800000| Untracked 
| 786|0x0000000689000000, 0x0000000689000000, 0x0000000689800000|  0%| F|  |TAMS 0x0000000689000000, 0x0000000689000000| Untracked 
| 787|0x0000000689800000, 0x0000000689800000, 0x000000068a000000|  0%| F|  |TAMS 0x0000000689800000, 0x0000000689800000| Untracked 
| 788|0x000000068a000000, 0x000000068a000000, 0x000000068a800000|  0%| F|  |TAMS 0x000000068a000000, 0x000000068a000000| Untracked 
| 789|0x000000068a800000, 0x000000068a800000, 0x000000068b000000|  0%| F|  |TAMS 0x000000068a800000, 0x000000068a800000| Untracked 
| 790|0x000000068b000000, 0x000000068b000000, 0x000000068b800000|  0%| F|  |TAMS 0x000000068b000000, 0x000000068b000000| Untracked 
| 791|0x000000068b800000, 0x000000068b800000, 0x000000068c000000|  0%| F|  |TAMS 0x000000068b800000, 0x000000068b800000| Untracked 
| 792|0x000000068c000000, 0x000000068c000000, 0x000000068c800000|  0%| F|  |TAMS 0x000000068c000000, 0x000000068c000000| Untracked 
| 793|0x000000068c800000, 0x000000068c800000, 0x000000068d000000|  0%| F|  |TAMS 0x000000068c800000, 0x000000068c800000| Untracked 
| 794|0x000000068d000000, 0x000000068d000000, 0x000000068d800000|  0%| F|  |TAMS 0x000000068d000000, 0x000000068d000000| Untracked 
| 795|0x000000068d800000, 0x000000068d800000, 0x000000068e000000|  0%| F|  |TAMS 0x000000068d800000, 0x000000068d800000| Untracked 
| 796|0x000000068e000000, 0x000000068e000000, 0x000000068e800000|  0%| F|  |TAMS 0x000000068e000000, 0x000000068e000000| Untracked 
| 797|0x000000068e800000, 0x000000068e800000, 0x000000068f000000|  0%| F|  |TAMS 0x000000068e800000, 0x000000068e800000| Untracked 
| 798|0x000000068f000000, 0x000000068f000000, 0x000000068f800000|  0%| F|  |TAMS 0x000000068f000000, 0x000000068f000000| Untracked 
| 799|0x000000068f800000, 0x000000068f800000, 0x0000000690000000|  0%| F|  |TAMS 0x000000068f800000, 0x000000068f800000| Untracked 
| 800|0x0000000690000000, 0x0000000690000000, 0x0000000690800000|  0%| F|  |TAMS 0x0000000690000000, 0x0000000690000000| Untracked 
| 801|0x0000000690800000, 0x0000000690800000, 0x0000000691000000|  0%| F|  |TAMS 0x0000000690800000, 0x0000000690800000| Untracked 
| 802|0x0000000691000000, 0x0000000691000000, 0x0000000691800000|  0%| F|  |TAMS 0x0000000691000000, 0x0000000691000000| Untracked 
| 803|0x0000000691800000, 0x0000000691800000, 0x0000000692000000|  0%| F|  |TAMS 0x0000000691800000, 0x0000000691800000| Untracked 
| 804|0x0000000692000000, 0x0000000692000000, 0x0000000692800000|  0%| F|  |TAMS 0x0000000692000000, 0x0000000692000000| Untracked 
| 805|0x0000000692800000, 0x0000000692800000, 0x0000000693000000|  0%| F|  |TAMS 0x0000000692800000, 0x0000000692800000| Untracked 
| 806|0x0000000693000000, 0x0000000693000000, 0x0000000693800000|  0%| F|  |TAMS 0x0000000693000000, 0x0000000693000000| Untracked 
| 807|0x0000000693800000, 0x0000000693800000, 0x0000000694000000|  0%| F|  |TAMS 0x0000000693800000, 0x0000000693800000| Untracked 
| 808|0x0000000694000000, 0x0000000694000000, 0x0000000694800000|  0%| F|  |TAMS 0x0000000694000000, 0x0000000694000000| Untracked 
| 809|0x0000000694800000, 0x0000000694800000, 0x0000000695000000|  0%| F|  |TAMS 0x0000000694800000, 0x0000000694800000| Untracked 
| 810|0x0000000695000000, 0x0000000695000000, 0x0000000695800000|  0%| F|  |TAMS 0x0000000695000000, 0x0000000695000000| Untracked 
| 811|0x0000000695800000, 0x0000000695800000, 0x0000000696000000|  0%| F|  |TAMS 0x0000000695800000, 0x0000000695800000| Untracked 
| 812|0x0000000696000000, 0x0000000696000000, 0x0000000696800000|  0%| F|  |TAMS 0x0000000696000000, 0x0000000696000000| Untracked 
| 813|0x0000000696800000, 0x0000000696800000, 0x0000000697000000|  0%| F|  |TAMS 0x0000000696800000, 0x0000000696800000| Untracked 
| 814|0x0000000697000000, 0x0000000697000000, 0x0000000697800000|  0%| F|  |TAMS 0x0000000697000000, 0x0000000697000000| Untracked 
| 815|0x0000000697800000, 0x0000000697800000, 0x0000000698000000|  0%| F|  |TAMS 0x0000000697800000, 0x0000000697800000| Untracked 
| 816|0x0000000698000000, 0x0000000698000000, 0x0000000698800000|  0%| F|  |TAMS 0x0000000698000000, 0x0000000698000000| Untracked 
| 817|0x0000000698800000, 0x0000000698800000, 0x0000000699000000|  0%| F|  |TAMS 0x0000000698800000, 0x0000000698800000| Untracked 
| 818|0x0000000699000000, 0x0000000699000000, 0x0000000699800000|  0%| F|  |TAMS 0x0000000699000000, 0x0000000699000000| Untracked 
| 819|0x0000000699800000, 0x0000000699800000, 0x000000069a000000|  0%| F|  |TAMS 0x0000000699800000, 0x0000000699800000| Untracked 
| 820|0x000000069a000000, 0x000000069a000000, 0x000000069a800000|  0%| F|  |TAMS 0x000000069a000000, 0x000000069a000000| Untracked 
| 821|0x000000069a800000, 0x000000069a800000, 0x000000069b000000|  0%| F|  |TAMS 0x000000069a800000, 0x000000069a800000| Untracked 
| 822|0x000000069b000000, 0x000000069b000000, 0x000000069b800000|  0%| F|  |TAMS 0x000000069b000000, 0x000000069b000000| Untracked 
| 823|0x000000069b800000, 0x000000069b800000, 0x000000069c000000|  0%| F|  |TAMS 0x000000069b800000, 0x000000069b800000| Untracked 
| 824|0x000000069c000000, 0x000000069c000000, 0x000000069c800000|  0%| F|  |TAMS 0x000000069c000000, 0x000000069c000000| Untracked 
| 825|0x000000069c800000, 0x000000069c800000, 0x000000069d000000|  0%| F|  |TAMS 0x000000069c800000, 0x000000069c800000| Untracked 
| 826|0x000000069d000000, 0x000000069d000000, 0x000000069d800000|  0%| F|  |TAMS 0x000000069d000000, 0x000000069d000000| Untracked 
| 827|0x000000069d800000, 0x000000069d800000, 0x000000069e000000|  0%| F|  |TAMS 0x000000069d800000, 0x000000069d800000| Untracked 
| 828|0x000000069e000000, 0x000000069e000000, 0x000000069e800000|  0%| F|  |TAMS 0x000000069e000000, 0x000000069e000000| Untracked 
| 829|0x000000069e800000, 0x000000069e800000, 0x000000069f000000|  0%| F|  |TAMS 0x000000069e800000, 0x000000069e800000| Untracked 
| 830|0x000000069f000000, 0x000000069f000000, 0x000000069f800000|  0%| F|  |TAMS 0x000000069f000000, 0x000000069f000000| Untracked 
| 831|0x000000069f800000, 0x000000069f800000, 0x00000006a0000000|  0%| F|  |TAMS 0x000000069f800000, 0x000000069f800000| Untracked 
| 832|0x00000006a0000000, 0x00000006a0000000, 0x00000006a0800000|  0%| F|  |TAMS 0x00000006a0000000, 0x00000006a0000000| Untracked 
| 833|0x00000006a0800000, 0x00000006a0800000, 0x00000006a1000000|  0%| F|  |TAMS 0x00000006a0800000, 0x00000006a0800000| Untracked 
| 834|0x00000006a1000000, 0x00000006a1000000, 0x00000006a1800000|  0%| F|  |TAMS 0x00000006a1000000, 0x00000006a1000000| Untracked 
| 835|0x00000006a1800000, 0x00000006a1800000, 0x00000006a2000000|  0%| F|  |TAMS 0x00000006a1800000, 0x00000006a1800000| Untracked 
| 836|0x00000006a2000000, 0x00000006a2000000, 0x00000006a2800000|  0%| F|  |TAMS 0x00000006a2000000, 0x00000006a2000000| Untracked 
| 837|0x00000006a2800000, 0x00000006a2800000, 0x00000006a3000000|  0%| F|  |TAMS 0x00000006a2800000, 0x00000006a2800000| Untracked 
| 838|0x00000006a3000000, 0x00000006a3000000, 0x00000006a3800000|  0%| F|  |TAMS 0x00000006a3000000, 0x00000006a3000000| Untracked 
| 839|0x00000006a3800000, 0x00000006a3800000, 0x00000006a4000000|  0%| F|  |TAMS 0x00000006a3800000, 0x00000006a3800000| Untracked 
| 840|0x00000006a4000000, 0x00000006a4000000, 0x00000006a4800000|  0%| F|  |TAMS 0x00000006a4000000, 0x00000006a4000000| Untracked 
| 841|0x00000006a4800000, 0x00000006a4800000, 0x00000006a5000000|  0%| F|  |TAMS 0x00000006a4800000, 0x00000006a4800000| Untracked 
| 842|0x00000006a5000000, 0x00000006a5000000, 0x00000006a5800000|  0%| F|  |TAMS 0x00000006a5000000, 0x00000006a5000000| Untracked 
| 843|0x00000006a5800000, 0x00000006a5800000, 0x00000006a6000000|  0%| F|  |TAMS 0x00000006a5800000, 0x00000006a5800000| Untracked 
| 844|0x00000006a6000000, 0x00000006a6000000, 0x00000006a6800000|  0%| F|  |TAMS 0x00000006a6000000, 0x00000006a6000000| Untracked 
| 845|0x00000006a6800000, 0x00000006a6800000, 0x00000006a7000000|  0%| F|  |TAMS 0x00000006a6800000, 0x00000006a6800000| Untracked 
| 846|0x00000006a7000000, 0x00000006a7000000, 0x00000006a7800000|  0%| F|  |TAMS 0x00000006a7000000, 0x00000006a7000000| Untracked 
| 847|0x00000006a7800000, 0x00000006a7800000, 0x00000006a8000000|  0%| F|  |TAMS 0x00000006a7800000, 0x00000006a7800000| Untracked 
| 848|0x00000006a8000000, 0x00000006a8000000, 0x00000006a8800000|  0%| F|  |TAMS 0x00000006a8000000, 0x00000006a8000000| Untracked 
| 849|0x00000006a8800000, 0x00000006a8800000, 0x00000006a9000000|  0%| F|  |TAMS 0x00000006a8800000, 0x00000006a8800000| Untracked 
| 850|0x00000006a9000000, 0x00000006a9000000, 0x00000006a9800000|  0%| F|  |TAMS 0x00000006a9000000, 0x00000006a9000000| Untracked 
| 851|0x00000006a9800000, 0x00000006a9800000, 0x00000006aa000000|  0%| F|  |TAMS 0x00000006a9800000, 0x00000006a9800000| Untracked 
| 852|0x00000006aa000000, 0x00000006aa000000, 0x00000006aa800000|  0%| F|  |TAMS 0x00000006aa000000, 0x00000006aa000000| Untracked 
| 853|0x00000006aa800000, 0x00000006aa800000, 0x00000006ab000000|  0%| F|  |TAMS 0x00000006aa800000, 0x00000006aa800000| Untracked 
| 854|0x00000006ab000000, 0x00000006ab000000, 0x00000006ab800000|  0%| F|  |TAMS 0x00000006ab000000, 0x00000006ab000000| Untracked 
| 855|0x00000006ab800000, 0x00000006ab800000, 0x00000006ac000000|  0%| F|  |TAMS 0x00000006ab800000, 0x00000006ab800000| Untracked 
| 856|0x00000006ac000000, 0x00000006ac000000, 0x00000006ac800000|  0%| F|  |TAMS 0x00000006ac000000, 0x00000006ac000000| Untracked 
| 857|0x00000006ac800000, 0x00000006ac800000, 0x00000006ad000000|  0%| F|  |TAMS 0x00000006ac800000, 0x00000006ac800000| Untracked 
| 858|0x00000006ad000000, 0x00000006ad000000, 0x00000006ad800000|  0%| F|  |TAMS 0x00000006ad000000, 0x00000006ad000000| Untracked 
| 859|0x00000006ad800000, 0x00000006ad800000, 0x00000006ae000000|  0%| F|  |TAMS 0x00000006ad800000, 0x00000006ad800000| Untracked 
| 860|0x00000006ae000000, 0x00000006ae000000, 0x00000006ae800000|  0%| F|  |TAMS 0x00000006ae000000, 0x00000006ae000000| Untracked 
| 861|0x00000006ae800000, 0x00000006ae800000, 0x00000006af000000|  0%| F|  |TAMS 0x00000006ae800000, 0x00000006ae800000| Untracked 
| 862|0x00000006af000000, 0x00000006af000000, 0x00000006af800000|  0%| F|  |TAMS 0x00000006af000000, 0x00000006af000000| Untracked 
| 863|0x00000006af800000, 0x00000006af800000, 0x00000006b0000000|  0%| F|  |TAMS 0x00000006af800000, 0x00000006af800000| Untracked 
| 864|0x00000006b0000000, 0x00000006b0000000, 0x00000006b0800000|  0%| F|  |TAMS 0x00000006b0000000, 0x00000006b0000000| Untracked 
| 865|0x00000006b0800000, 0x00000006b0800000, 0x00000006b1000000|  0%| F|  |TAMS 0x00000006b0800000, 0x00000006b0800000| Untracked 
| 866|0x00000006b1000000, 0x00000006b1000000, 0x00000006b1800000|  0%| F|  |TAMS 0x00000006b1000000, 0x00000006b1000000| Untracked 
| 867|0x00000006b1800000, 0x00000006b1800000, 0x00000006b2000000|  0%| F|  |TAMS 0x00000006b1800000, 0x00000006b1800000| Untracked 
| 868|0x00000006b2000000, 0x00000006b2000000, 0x00000006b2800000|  0%| F|  |TAMS 0x00000006b2000000, 0x00000006b2000000| Untracked 
| 869|0x00000006b2800000, 0x00000006b2800000, 0x00000006b3000000|  0%| F|  |TAMS 0x00000006b2800000, 0x00000006b2800000| Untracked 
| 870|0x00000006b3000000, 0x00000006b3000000, 0x00000006b3800000|  0%| F|  |TAMS 0x00000006b3000000, 0x00000006b3000000| Untracked 
| 871|0x00000006b3800000, 0x00000006b3800000, 0x00000006b4000000|  0%| F|  |TAMS 0x00000006b3800000, 0x00000006b3800000| Untracked 
| 872|0x00000006b4000000, 0x00000006b4000000, 0x00000006b4800000|  0%| F|  |TAMS 0x00000006b4000000, 0x00000006b4000000| Untracked 
| 873|0x00000006b4800000, 0x00000006b4800000, 0x00000006b5000000|  0%| F|  |TAMS 0x00000006b4800000, 0x00000006b4800000| Untracked 
| 874|0x00000006b5000000, 0x00000006b5000000, 0x00000006b5800000|  0%| F|  |TAMS 0x00000006b5000000, 0x00000006b5000000| Untracked 
| 875|0x00000006b5800000, 0x00000006b5800000, 0x00000006b6000000|  0%| F|  |TAMS 0x00000006b5800000, 0x00000006b5800000| Untracked 
| 876|0x00000006b6000000, 0x00000006b6000000, 0x00000006b6800000|  0%| F|  |TAMS 0x00000006b6000000, 0x00000006b6000000| Untracked 
| 877|0x00000006b6800000, 0x00000006b6800000, 0x00000006b7000000|  0%| F|  |TAMS 0x00000006b6800000, 0x00000006b6800000| Untracked 
| 878|0x00000006b7000000, 0x00000006b7000000, 0x00000006b7800000|  0%| F|  |TAMS 0x00000006b7000000, 0x00000006b7000000| Untracked 
| 879|0x00000006b7800000, 0x00000006b7800000, 0x00000006b8000000|  0%| F|  |TAMS 0x00000006b7800000, 0x00000006b7800000| Untracked 
| 880|0x00000006b8000000, 0x00000006b8000000, 0x00000006b8800000|  0%| F|  |TAMS 0x00000006b8000000, 0x00000006b8000000| Untracked 
| 881|0x00000006b8800000, 0x00000006b8800000, 0x00000006b9000000|  0%| F|  |TAMS 0x00000006b8800000, 0x00000006b8800000| Untracked 
| 882|0x00000006b9000000, 0x00000006b9000000, 0x00000006b9800000|  0%| F|  |TAMS 0x00000006b9000000, 0x00000006b9000000| Untracked 
| 883|0x00000006b9800000, 0x00000006b9800000, 0x00000006ba000000|  0%| F|  |TAMS 0x00000006b9800000, 0x00000006b9800000| Untracked 
| 884|0x00000006ba000000, 0x00000006ba000000, 0x00000006ba800000|  0%| F|  |TAMS 0x00000006ba000000, 0x00000006ba000000| Untracked 
| 885|0x00000006ba800000, 0x00000006ba800000, 0x00000006bb000000|  0%| F|  |TAMS 0x00000006ba800000, 0x00000006ba800000| Untracked 
| 886|0x00000006bb000000, 0x00000006bb000000, 0x00000006bb800000|  0%| F|  |TAMS 0x00000006bb000000, 0x00000006bb000000| Untracked 
| 887|0x00000006bb800000, 0x00000006bb800000, 0x00000006bc000000|  0%| F|  |TAMS 0x00000006bb800000, 0x00000006bb800000| Untracked 
| 888|0x00000006bc000000, 0x00000006bc000000, 0x00000006bc800000|  0%| F|  |TAMS 0x00000006bc000000, 0x00000006bc000000| Untracked 
| 889|0x00000006bc800000, 0x00000006bc800000, 0x00000006bd000000|  0%| F|  |TAMS 0x00000006bc800000, 0x00000006bc800000| Untracked 
| 890|0x00000006bd000000, 0x00000006bd000000, 0x00000006bd800000|  0%| F|  |TAMS 0x00000006bd000000, 0x00000006bd000000| Untracked 
| 891|0x00000006bd800000, 0x00000006bd800000, 0x00000006be000000|  0%| F|  |TAMS 0x00000006bd800000, 0x00000006bd800000| Untracked 
| 892|0x00000006be000000, 0x00000006be000000, 0x00000006be800000|  0%| F|  |TAMS 0x00000006be000000, 0x00000006be000000| Untracked 
| 893|0x00000006be800000, 0x00000006be800000, 0x00000006bf000000|  0%| F|  |TAMS 0x00000006be800000, 0x00000006be800000| Untracked 
| 894|0x00000006bf000000, 0x00000006bf000000, 0x00000006bf800000|  0%| F|  |TAMS 0x00000006bf000000, 0x00000006bf000000| Untracked 
| 895|0x00000006bf800000, 0x00000006bf800000, 0x00000006c0000000|  0%| F|  |TAMS 0x00000006bf800000, 0x00000006bf800000| Untracked 
| 896|0x00000006c0000000, 0x00000006c0000000, 0x00000006c0800000|  0%| F|  |TAMS 0x00000006c0000000, 0x00000006c0000000| Untracked 
| 897|0x00000006c0800000, 0x00000006c0800000, 0x00000006c1000000|  0%| F|  |TAMS 0x00000006c0800000, 0x00000006c0800000| Untracked 
| 898|0x00000006c1000000, 0x00000006c1000000, 0x00000006c1800000|  0%| F|  |TAMS 0x00000006c1000000, 0x00000006c1000000| Untracked 
| 899|0x00000006c1800000, 0x00000006c1800000, 0x00000006c2000000|  0%| F|  |TAMS 0x00000006c1800000, 0x00000006c1800000| Untracked 
| 900|0x00000006c2000000, 0x00000006c2000000, 0x00000006c2800000|  0%| F|  |TAMS 0x00000006c2000000, 0x00000006c2000000| Untracked 
| 901|0x00000006c2800000, 0x00000006c2800000, 0x00000006c3000000|  0%| F|  |TAMS 0x00000006c2800000, 0x00000006c2800000| Untracked 
| 902|0x00000006c3000000, 0x00000006c3000000, 0x00000006c3800000|  0%| F|  |TAMS 0x00000006c3000000, 0x00000006c3000000| Untracked 
| 903|0x00000006c3800000, 0x00000006c3800000, 0x00000006c4000000|  0%| F|  |TAMS 0x00000006c3800000, 0x00000006c3800000| Untracked 
| 904|0x00000006c4000000, 0x00000006c4000000, 0x00000006c4800000|  0%| F|  |TAMS 0x00000006c4000000, 0x00000006c4000000| Untracked 
| 905|0x00000006c4800000, 0x00000006c4800000, 0x00000006c5000000|  0%| F|  |TAMS 0x00000006c4800000, 0x00000006c4800000| Untracked 
| 906|0x00000006c5000000, 0x00000006c5000000, 0x00000006c5800000|  0%| F|  |TAMS 0x00000006c5000000, 0x00000006c5000000| Untracked 
| 907|0x00000006c5800000, 0x00000006c5800000, 0x00000006c6000000|  0%| F|  |TAMS 0x00000006c5800000, 0x00000006c5800000| Untracked 
| 908|0x00000006c6000000, 0x00000006c6000000, 0x00000006c6800000|  0%| F|  |TAMS 0x00000006c6000000, 0x00000006c6000000| Untracked 
| 909|0x00000006c6800000, 0x00000006c6800000, 0x00000006c7000000|  0%| F|  |TAMS 0x00000006c6800000, 0x00000006c6800000| Untracked 
| 910|0x00000006c7000000, 0x00000006c7000000, 0x00000006c7800000|  0%| F|  |TAMS 0x00000006c7000000, 0x00000006c7000000| Untracked 
| 911|0x00000006c7800000, 0x00000006c7800000, 0x00000006c8000000|  0%| F|  |TAMS 0x00000006c7800000, 0x00000006c7800000| Untracked 
| 912|0x00000006c8000000, 0x00000006c8000000, 0x00000006c8800000|  0%| F|  |TAMS 0x00000006c8000000, 0x00000006c8000000| Untracked 
| 913|0x00000006c8800000, 0x00000006c8800000, 0x00000006c9000000|  0%| F|  |TAMS 0x00000006c8800000, 0x00000006c8800000| Untracked 
| 914|0x00000006c9000000, 0x00000006c9000000, 0x00000006c9800000|  0%| F|  |TAMS 0x00000006c9000000, 0x00000006c9000000| Untracked 
| 915|0x00000006c9800000, 0x00000006c9800000, 0x00000006ca000000|  0%| F|  |TAMS 0x00000006c9800000, 0x00000006c9800000| Untracked 
| 916|0x00000006ca000000, 0x00000006ca000000, 0x00000006ca800000|  0%| F|  |TAMS 0x00000006ca000000, 0x00000006ca000000| Untracked 
| 917|0x00000006ca800000, 0x00000006ca800000, 0x00000006cb000000|  0%| F|  |TAMS 0x00000006ca800000, 0x00000006ca800000| Untracked 
| 918|0x00000006cb000000, 0x00000006cb000000, 0x00000006cb800000|  0%| F|  |TAMS 0x00000006cb000000, 0x00000006cb000000| Untracked 
| 919|0x00000006cb800000, 0x00000006cb800000, 0x00000006cc000000|  0%| F|  |TAMS 0x00000006cb800000, 0x00000006cb800000| Untracked 
| 920|0x00000006cc000000, 0x00000006cc000000, 0x00000006cc800000|  0%| F|  |TAMS 0x00000006cc000000, 0x00000006cc000000| Untracked 
| 921|0x00000006cc800000, 0x00000006cc800000, 0x00000006cd000000|  0%| F|  |TAMS 0x00000006cc800000, 0x00000006cc800000| Untracked 
| 922|0x00000006cd000000, 0x00000006cd000000, 0x00000006cd800000|  0%| F|  |TAMS 0x00000006cd000000, 0x00000006cd000000| Untracked 
| 923|0x00000006cd800000, 0x00000006cd800000, 0x00000006ce000000|  0%| F|  |TAMS 0x00000006cd800000, 0x00000006cd800000| Untracked 
| 924|0x00000006ce000000, 0x00000006ce000000, 0x00000006ce800000|  0%| F|  |TAMS 0x00000006ce000000, 0x00000006ce000000| Untracked 
| 925|0x00000006ce800000, 0x00000006ce800000, 0x00000006cf000000|  0%| F|  |TAMS 0x00000006ce800000, 0x00000006ce800000| Untracked 
| 926|0x00000006cf000000, 0x00000006cf000000, 0x00000006cf800000|  0%| F|  |TAMS 0x00000006cf000000, 0x00000006cf000000| Untracked 
| 927|0x00000006cf800000, 0x00000006cf800000, 0x00000006d0000000|  0%| F|  |TAMS 0x00000006cf800000, 0x00000006cf800000| Untracked 
| 928|0x00000006d0000000, 0x00000006d0000000, 0x00000006d0800000|  0%| F|  |TAMS 0x00000006d0000000, 0x00000006d0000000| Untracked 
| 929|0x00000006d0800000, 0x00000006d0800000, 0x00000006d1000000|  0%| F|  |TAMS 0x00000006d0800000, 0x00000006d0800000| Untracked 
| 930|0x00000006d1000000, 0x00000006d1000000, 0x00000006d1800000|  0%| F|  |TAMS 0x00000006d1000000, 0x00000006d1000000| Untracked 
| 931|0x00000006d1800000, 0x00000006d1800000, 0x00000006d2000000|  0%| F|  |TAMS 0x00000006d1800000, 0x00000006d1800000| Untracked 
| 932|0x00000006d2000000, 0x00000006d2000000, 0x00000006d2800000|  0%| F|  |TAMS 0x00000006d2000000, 0x00000006d2000000| Untracked 
| 933|0x00000006d2800000, 0x00000006d2800000, 0x00000006d3000000|  0%| F|  |TAMS 0x00000006d2800000, 0x00000006d2800000| Untracked 
| 934|0x00000006d3000000, 0x00000006d3000000, 0x00000006d3800000|  0%| F|  |TAMS 0x00000006d3000000, 0x00000006d3000000| Untracked 
| 935|0x00000006d3800000, 0x00000006d3800000, 0x00000006d4000000|  0%| F|  |TAMS 0x00000006d3800000, 0x00000006d3800000| Untracked 
| 936|0x00000006d4000000, 0x00000006d4000000, 0x00000006d4800000|  0%| F|  |TAMS 0x00000006d4000000, 0x00000006d4000000| Untracked 
| 937|0x00000006d4800000, 0x00000006d4800000, 0x00000006d5000000|  0%| F|  |TAMS 0x00000006d4800000, 0x00000006d4800000| Untracked 
| 938|0x00000006d5000000, 0x00000006d5000000, 0x00000006d5800000|  0%| F|  |TAMS 0x00000006d5000000, 0x00000006d5000000| Untracked 
| 939|0x00000006d5800000, 0x00000006d5800000, 0x00000006d6000000|  0%| F|  |TAMS 0x00000006d5800000, 0x00000006d5800000| Untracked 
| 940|0x00000006d6000000, 0x00000006d6000000, 0x00000006d6800000|  0%| F|  |TAMS 0x00000006d6000000, 0x00000006d6000000| Untracked 
| 941|0x00000006d6800000, 0x00000006d6800000, 0x00000006d7000000|  0%| F|  |TAMS 0x00000006d6800000, 0x00000006d6800000| Untracked 
| 942|0x00000006d7000000, 0x00000006d7000000, 0x00000006d7800000|  0%| F|  |TAMS 0x00000006d7000000, 0x00000006d7000000| Untracked 
| 943|0x00000006d7800000, 0x00000006d7800000, 0x00000006d8000000|  0%| F|  |TAMS 0x00000006d7800000, 0x00000006d7800000| Untracked 
| 944|0x00000006d8000000, 0x00000006d8000000, 0x00000006d8800000|  0%| F|  |TAMS 0x00000006d8000000, 0x00000006d8000000| Untracked 
| 945|0x00000006d8800000, 0x00000006d8800000, 0x00000006d9000000|  0%| F|  |TAMS 0x00000006d8800000, 0x00000006d8800000| Untracked 
| 946|0x00000006d9000000, 0x00000006d9000000, 0x00000006d9800000|  0%| F|  |TAMS 0x00000006d9000000, 0x00000006d9000000| Untracked 
| 947|0x00000006d9800000, 0x00000006d9800000, 0x00000006da000000|  0%| F|  |TAMS 0x00000006d9800000, 0x00000006d9800000| Untracked 
| 948|0x00000006da000000, 0x00000006da000000, 0x00000006da800000|  0%| F|  |TAMS 0x00000006da000000, 0x00000006da000000| Untracked 
| 949|0x00000006da800000, 0x00000006da800000, 0x00000006db000000|  0%| F|  |TAMS 0x00000006da800000, 0x00000006da800000| Untracked 
| 950|0x00000006db000000, 0x00000006db000000, 0x00000006db800000|  0%| F|  |TAMS 0x00000006db000000, 0x00000006db000000| Untracked 
| 951|0x00000006db800000, 0x00000006db800000, 0x00000006dc000000|  0%| F|  |TAMS 0x00000006db800000, 0x00000006db800000| Untracked 
| 952|0x00000006dc000000, 0x00000006dc000000, 0x00000006dc800000|  0%| F|  |TAMS 0x00000006dc000000, 0x00000006dc000000| Untracked 
| 953|0x00000006dc800000, 0x00000006dc800000, 0x00000006dd000000|  0%| F|  |TAMS 0x00000006dc800000, 0x00000006dc800000| Untracked 
| 954|0x00000006dd000000, 0x00000006dd000000, 0x00000006dd800000|  0%| F|  |TAMS 0x00000006dd000000, 0x00000006dd000000| Untracked 
| 955|0x00000006dd800000, 0x00000006dd800000, 0x00000006de000000|  0%| F|  |TAMS 0x00000006dd800000, 0x00000006dd800000| Untracked 
| 956|0x00000006de000000, 0x00000006de000000, 0x00000006de800000|  0%| F|  |TAMS 0x00000006de000000, 0x00000006de000000| Untracked 
| 957|0x00000006de800000, 0x00000006de800000, 0x00000006df000000|  0%| F|  |TAMS 0x00000006de800000, 0x00000006de800000| Untracked 
| 958|0x00000006df000000, 0x00000006df000000, 0x00000006df800000|  0%| F|  |TAMS 0x00000006df000000, 0x00000006df000000| Untracked 
| 959|0x00000006df800000, 0x00000006df800000, 0x00000006e0000000|  0%| F|  |TAMS 0x00000006df800000, 0x00000006df800000| Untracked 
| 960|0x00000006e0000000, 0x00000006e0000000, 0x00000006e0800000|  0%| F|  |TAMS 0x00000006e0000000, 0x00000006e0000000| Untracked 
| 961|0x00000006e0800000, 0x00000006e0800000, 0x00000006e1000000|  0%| F|  |TAMS 0x00000006e0800000, 0x00000006e0800000| Untracked 
| 962|0x00000006e1000000, 0x00000006e1000000, 0x00000006e1800000|  0%| F|  |TAMS 0x00000006e1000000, 0x00000006e1000000| Untracked 
| 963|0x00000006e1800000, 0x00000006e1800000, 0x00000006e2000000|  0%| F|  |TAMS 0x00000006e1800000, 0x00000006e1800000| Untracked 
| 964|0x00000006e2000000, 0x00000006e2000000, 0x00000006e2800000|  0%| F|  |TAMS 0x00000006e2000000, 0x00000006e2000000| Untracked 
| 965|0x00000006e2800000, 0x00000006e2800000, 0x00000006e3000000|  0%| F|  |TAMS 0x00000006e2800000, 0x00000006e2800000| Untracked 
| 966|0x00000006e3000000, 0x00000006e3000000, 0x00000006e3800000|  0%| F|  |TAMS 0x00000006e3000000, 0x00000006e3000000| Untracked 
| 967|0x00000006e3800000, 0x00000006e3800000, 0x00000006e4000000|  0%| F|  |TAMS 0x00000006e3800000, 0x00000006e3800000| Untracked 
| 968|0x00000006e4000000, 0x00000006e4000000, 0x00000006e4800000|  0%| F|  |TAMS 0x00000006e4000000, 0x00000006e4000000| Untracked 
| 969|0x00000006e4800000, 0x00000006e4800000, 0x00000006e5000000|  0%| F|  |TAMS 0x00000006e4800000, 0x00000006e4800000| Untracked 
| 970|0x00000006e5000000, 0x00000006e5000000, 0x00000006e5800000|  0%| F|  |TAMS 0x00000006e5000000, 0x00000006e5000000| Untracked 
| 971|0x00000006e5800000, 0x00000006e5800000, 0x00000006e6000000|  0%| F|  |TAMS 0x00000006e5800000, 0x00000006e5800000| Untracked 
| 972|0x00000006e6000000, 0x00000006e6000000, 0x00000006e6800000|  0%| F|  |TAMS 0x00000006e6000000, 0x00000006e6000000| Untracked 
| 973|0x00000006e6800000, 0x00000006e6800000, 0x00000006e7000000|  0%| F|  |TAMS 0x00000006e6800000, 0x00000006e6800000| Untracked 
| 974|0x00000006e7000000, 0x00000006e7000000, 0x00000006e7800000|  0%| F|  |TAMS 0x00000006e7000000, 0x00000006e7000000| Untracked 
| 975|0x00000006e7800000, 0x00000006e7800000, 0x00000006e8000000|  0%| F|  |TAMS 0x00000006e7800000, 0x00000006e7800000| Untracked 
| 976|0x00000006e8000000, 0x00000006e8000000, 0x00000006e8800000|  0%| F|  |TAMS 0x00000006e8000000, 0x00000006e8000000| Untracked 
| 977|0x00000006e8800000, 0x00000006e8800000, 0x00000006e9000000|  0%| F|  |TAMS 0x00000006e8800000, 0x00000006e8800000| Untracked 
| 978|0x00000006e9000000, 0x00000006e9000000, 0x00000006e9800000|  0%| F|  |TAMS 0x00000006e9000000, 0x00000006e9000000| Untracked 
| 979|0x00000006e9800000, 0x00000006e9800000, 0x00000006ea000000|  0%| F|  |TAMS 0x00000006e9800000, 0x00000006e9800000| Untracked 
| 980|0x00000006ea000000, 0x00000006ea000000, 0x00000006ea800000|  0%| F|  |TAMS 0x00000006ea000000, 0x00000006ea000000| Untracked 
| 981|0x00000006ea800000, 0x00000006ea800000, 0x00000006eb000000|  0%| F|  |TAMS 0x00000006ea800000, 0x00000006ea800000| Untracked 
| 982|0x00000006eb000000, 0x00000006eb000000, 0x00000006eb800000|  0%| F|  |TAMS 0x00000006eb000000, 0x00000006eb000000| Untracked 
| 983|0x00000006eb800000, 0x00000006eb800000, 0x00000006ec000000|  0%| F|  |TAMS 0x00000006eb800000, 0x00000006eb800000| Untracked 
| 984|0x00000006ec000000, 0x00000006ec000000, 0x00000006ec800000|  0%| F|  |TAMS 0x00000006ec000000, 0x00000006ec000000| Untracked 
| 985|0x00000006ec800000, 0x00000006ec800000, 0x00000006ed000000|  0%| F|  |TAMS 0x00000006ec800000, 0x00000006ec800000| Untracked 
| 986|0x00000006ed000000, 0x00000006ed000000, 0x00000006ed800000|  0%| F|  |TAMS 0x00000006ed000000, 0x00000006ed000000| Untracked 
| 987|0x00000006ed800000, 0x00000006ed800000, 0x00000006ee000000|  0%| F|  |TAMS 0x00000006ed800000, 0x00000006ed800000| Untracked 
| 988|0x00000006ee000000, 0x00000006ee000000, 0x00000006ee800000|  0%| F|  |TAMS 0x00000006ee000000, 0x00000006ee000000| Untracked 
| 989|0x00000006ee800000, 0x00000006ee800000, 0x00000006ef000000|  0%| F|  |TAMS 0x00000006ee800000, 0x00000006ee800000| Untracked 
| 990|0x00000006ef000000, 0x00000006ef000000, 0x00000006ef800000|  0%| F|  |TAMS 0x00000006ef000000, 0x00000006ef000000| Untracked 
| 991|0x00000006ef800000, 0x00000006ef800000, 0x00000006f0000000|  0%| F|  |TAMS 0x00000006ef800000, 0x00000006ef800000| Untracked 
| 992|0x00000006f0000000, 0x00000006f0000000, 0x00000006f0800000|  0%| F|  |TAMS 0x00000006f0000000, 0x00000006f0000000| Untracked 
| 993|0x00000006f0800000, 0x00000006f0800000, 0x00000006f1000000|  0%| F|  |TAMS 0x00000006f0800000, 0x00000006f0800000| Untracked 
| 994|0x00000006f1000000, 0x00000006f1000000, 0x00000006f1800000|  0%| F|  |TAMS 0x00000006f1000000, 0x00000006f1000000| Untracked 
| 995|0x00000006f1800000, 0x00000006f1800000, 0x00000006f2000000|  0%| F|  |TAMS 0x00000006f1800000, 0x00000006f1800000| Untracked 
| 996|0x00000006f2000000, 0x00000006f2000000, 0x00000006f2800000|  0%| F|  |TAMS 0x00000006f2000000, 0x00000006f2000000| Untracked 
| 997|0x00000006f2800000, 0x00000006f2800000, 0x00000006f3000000|  0%| F|  |TAMS 0x00000006f2800000, 0x00000006f2800000| Untracked 
| 998|0x00000006f3000000, 0x00000006f3000000, 0x00000006f3800000|  0%| F|  |TAMS 0x00000006f3000000, 0x00000006f3000000| Untracked 
| 999|0x00000006f3800000, 0x00000006f3800000, 0x00000006f4000000|  0%| F|  |TAMS 0x00000006f3800000, 0x00000006f3800000| Untracked 
|1000|0x00000006f4000000, 0x00000006f4000000, 0x00000006f4800000|  0%| F|  |TAMS 0x00000006f4000000, 0x00000006f4000000| Untracked 
|1001|0x00000006f4800000, 0x00000006f4800000, 0x00000006f5000000|  0%| F|  |TAMS 0x00000006f4800000, 0x00000006f4800000| Untracked 
|1002|0x00000006f5000000, 0x00000006f5000000, 0x00000006f5800000|  0%| F|  |TAMS 0x00000006f5000000, 0x00000006f5000000| Untracked 
|1003|0x00000006f5800000, 0x00000006f5800000, 0x00000006f6000000|  0%| F|  |TAMS 0x00000006f5800000, 0x00000006f5800000| Untracked 
|1004|0x00000006f6000000, 0x00000006f6000000, 0x00000006f6800000|  0%| F|  |TAMS 0x00000006f6000000, 0x00000006f6000000| Untracked 
|1005|0x00000006f6800000, 0x00000006f6800000, 0x00000006f7000000|  0%| F|  |TAMS 0x00000006f6800000, 0x00000006f6800000| Untracked 
|1006|0x00000006f7000000, 0x00000006f7000000, 0x00000006f7800000|  0%| F|  |TAMS 0x00000006f7000000, 0x00000006f7000000| Untracked 
|1007|0x00000006f7800000, 0x00000006f7800000, 0x00000006f8000000|  0%| F|  |TAMS 0x00000006f7800000, 0x00000006f7800000| Untracked 
|1008|0x00000006f8000000, 0x00000006f8000000, 0x00000006f8800000|  0%| F|  |TAMS 0x00000006f8000000, 0x00000006f8000000| Untracked 
|1009|0x00000006f8800000, 0x00000006f8800000, 0x00000006f9000000|  0%| F|  |TAMS 0x00000006f8800000, 0x00000006f8800000| Untracked 
|1010|0x00000006f9000000, 0x00000006f9000000, 0x00000006f9800000|  0%| F|  |TAMS 0x00000006f9000000, 0x00000006f9000000| Untracked 
|1011|0x00000006f9800000, 0x00000006f9800000, 0x00000006fa000000|  0%| F|  |TAMS 0x00000006f9800000, 0x00000006f9800000| Untracked 
|1012|0x00000006fa000000, 0x00000006fa000000, 0x00000006fa800000|  0%| F|  |TAMS 0x00000006fa000000, 0x00000006fa000000| Untracked 
|1013|0x00000006fa800000, 0x00000006fa800000, 0x00000006fb000000|  0%| F|  |TAMS 0x00000006fa800000, 0x00000006fa800000| Untracked 
|1014|0x00000006fb000000, 0x00000006fb000000, 0x00000006fb800000|  0%| F|  |TAMS 0x00000006fb000000, 0x00000006fb000000| Untracked 
|1015|0x00000006fb800000, 0x00000006fb800000, 0x00000006fc000000|  0%| F|  |TAMS 0x00000006fb800000, 0x00000006fb800000| Untracked 
|1016|0x00000006fc000000, 0x00000006fc000000, 0x00000006fc800000|  0%| F|  |TAMS 0x00000006fc000000, 0x00000006fc000000| Untracked 
|1017|0x00000006fc800000, 0x00000006fc800000, 0x00000006fd000000|  0%| F|  |TAMS 0x00000006fc800000, 0x00000006fc800000| Untracked 
|1018|0x00000006fd000000, 0x00000006fd000000, 0x00000006fd800000|  0%| F|  |TAMS 0x00000006fd000000, 0x00000006fd000000| Untracked 
|1019|0x00000006fd800000, 0x00000006fd800000, 0x00000006fe000000|  0%| F|  |TAMS 0x00000006fd800000, 0x00000006fd800000| Untracked 
|1020|0x00000006fe000000, 0x00000006fe000000, 0x00000006fe800000|  0%| F|  |TAMS 0x00000006fe000000, 0x00000006fe000000| Untracked 
|1021|0x00000006fe800000, 0x00000006fe800000, 0x00000006ff000000|  0%| F|  |TAMS 0x00000006fe800000, 0x00000006fe800000| Untracked 
|1022|0x00000006ff000000, 0x00000006ff000000, 0x00000006ff800000|  0%| F|  |TAMS 0x00000006ff000000, 0x00000006ff000000| Untracked 
|1023|0x00000006ff800000, 0x00000006ff800000, 0x0000000700000000|  0%| F|  |TAMS 0x00000006ff800000, 0x00000006ff800000| Untracked 
|1024|0x0000000700000000, 0x0000000700000000, 0x0000000700800000|  0%| F|  |TAMS 0x0000000700000000, 0x0000000700000000| Untracked 
|1025|0x0000000700800000, 0x0000000700800000, 0x0000000701000000|  0%| F|  |TAMS 0x0000000700800000, 0x0000000700800000| Untracked 
|1026|0x0000000701000000, 0x0000000701000000, 0x0000000701800000|  0%| F|  |TAMS 0x0000000701000000, 0x0000000701000000| Untracked 
|1027|0x0000000701800000, 0x0000000701800000, 0x0000000702000000|  0%| F|  |TAMS 0x0000000701800000, 0x0000000701800000| Untracked 
|1028|0x0000000702000000, 0x0000000702000000, 0x0000000702800000|  0%| F|  |TAMS 0x0000000702000000, 0x0000000702000000| Untracked 
|1029|0x0000000702800000, 0x0000000702800000, 0x0000000703000000|  0%| F|  |TAMS 0x0000000702800000, 0x0000000702800000| Untracked 
|1030|0x0000000703000000, 0x0000000703000000, 0x0000000703800000|  0%| F|  |TAMS 0x0000000703000000, 0x0000000703000000| Untracked 
|1031|0x0000000703800000, 0x0000000703800000, 0x0000000704000000|  0%| F|  |TAMS 0x0000000703800000, 0x0000000703800000| Untracked 
|1032|0x0000000704000000, 0x0000000704000000, 0x0000000704800000|  0%| F|  |TAMS 0x0000000704000000, 0x0000000704000000| Untracked 
|1033|0x0000000704800000, 0x0000000704800000, 0x0000000705000000|  0%| F|  |TAMS 0x0000000704800000, 0x0000000704800000| Untracked 
|1034|0x0000000705000000, 0x0000000705000000, 0x0000000705800000|  0%| F|  |TAMS 0x0000000705000000, 0x0000000705000000| Untracked 
|1035|0x0000000705800000, 0x0000000705800000, 0x0000000706000000|  0%| F|  |TAMS 0x0000000705800000, 0x0000000705800000| Untracked 
|1036|0x0000000706000000, 0x0000000706000000, 0x0000000706800000|  0%| F|  |TAMS 0x0000000706000000, 0x0000000706000000| Untracked 
|1037|0x0000000706800000, 0x0000000706800000, 0x0000000707000000|  0%| F|  |TAMS 0x0000000706800000, 0x0000000706800000| Untracked 
|1038|0x0000000707000000, 0x0000000707000000, 0x0000000707800000|  0%| F|  |TAMS 0x0000000707000000, 0x0000000707000000| Untracked 
|1039|0x0000000707800000, 0x0000000707800000, 0x0000000708000000|  0%| F|  |TAMS 0x0000000707800000, 0x0000000707800000| Untracked 
|1040|0x0000000708000000, 0x0000000708000000, 0x0000000708800000|  0%| F|  |TAMS 0x0000000708000000, 0x0000000708000000| Untracked 
|1041|0x0000000708800000, 0x0000000708800000, 0x0000000709000000|  0%| F|  |TAMS 0x0000000708800000, 0x0000000708800000| Untracked 
|1042|0x0000000709000000, 0x0000000709000000, 0x0000000709800000|  0%| F|  |TAMS 0x0000000709000000, 0x0000000709000000| Untracked 
|1043|0x0000000709800000, 0x0000000709800000, 0x000000070a000000|  0%| F|  |TAMS 0x0000000709800000, 0x0000000709800000| Untracked 
|1044|0x000000070a000000, 0x000000070a000000, 0x000000070a800000|  0%| F|  |TAMS 0x000000070a000000, 0x000000070a000000| Untracked 
|1045|0x000000070a800000, 0x000000070a800000, 0x000000070b000000|  0%| F|  |TAMS 0x000000070a800000, 0x000000070a800000| Untracked 
|1046|0x000000070b000000, 0x000000070b000000, 0x000000070b800000|  0%| F|  |TAMS 0x000000070b000000, 0x000000070b000000| Untracked 
|1047|0x000000070b800000, 0x000000070b800000, 0x000000070c000000|  0%| F|  |TAMS 0x000000070b800000, 0x000000070b800000| Untracked 
|1048|0x000000070c000000, 0x000000070c000000, 0x000000070c800000|  0%| F|  |TAMS 0x000000070c000000, 0x000000070c000000| Untracked 
|1049|0x000000070c800000, 0x000000070c800000, 0x000000070d000000|  0%| F|  |TAMS 0x000000070c800000, 0x000000070c800000| Untracked 
|1050|0x000000070d000000, 0x000000070d000000, 0x000000070d800000|  0%| F|  |TAMS 0x000000070d000000, 0x000000070d000000| Untracked 
|1051|0x000000070d800000, 0x000000070d800000, 0x000000070e000000|  0%| F|  |TAMS 0x000000070d800000, 0x000000070d800000| Untracked 
|1052|0x000000070e000000, 0x000000070e000000, 0x000000070e800000|  0%| F|  |TAMS 0x000000070e000000, 0x000000070e000000| Untracked 
|1053|0x000000070e800000, 0x000000070e800000, 0x000000070f000000|  0%| F|  |TAMS 0x000000070e800000, 0x000000070e800000| Untracked 
|1054|0x000000070f000000, 0x000000070f000000, 0x000000070f800000|  0%| F|  |TAMS 0x000000070f000000, 0x000000070f000000| Untracked 
|1055|0x000000070f800000, 0x000000070f800000, 0x0000000710000000|  0%| F|  |TAMS 0x000000070f800000, 0x000000070f800000| Untracked 
|1056|0x0000000710000000, 0x0000000710000000, 0x0000000710800000|  0%| F|  |TAMS 0x0000000710000000, 0x0000000710000000| Untracked 
|1057|0x0000000710800000, 0x0000000710800000, 0x0000000711000000|  0%| F|  |TAMS 0x0000000710800000, 0x0000000710800000| Untracked 
|1058|0x0000000711000000, 0x0000000711000000, 0x0000000711800000|  0%| F|  |TAMS 0x0000000711000000, 0x0000000711000000| Untracked 
|1059|0x0000000711800000, 0x0000000711800000, 0x0000000712000000|  0%| F|  |TAMS 0x0000000711800000, 0x0000000711800000| Untracked 
|1060|0x0000000712000000, 0x0000000712000000, 0x0000000712800000|  0%| F|  |TAMS 0x0000000712000000, 0x0000000712000000| Untracked 
|1061|0x0000000712800000, 0x0000000712800000, 0x0000000713000000|  0%| F|  |TAMS 0x0000000712800000, 0x0000000712800000| Untracked 
|1062|0x0000000713000000, 0x0000000713000000, 0x0000000713800000|  0%| F|  |TAMS 0x0000000713000000, 0x0000000713000000| Untracked 
|1063|0x0000000713800000, 0x0000000713800000, 0x0000000714000000|  0%| F|  |TAMS 0x0000000713800000, 0x0000000713800000| Untracked 
|1064|0x0000000714000000, 0x0000000714000000, 0x0000000714800000|  0%| F|  |TAMS 0x0000000714000000, 0x0000000714000000| Untracked 
|1065|0x0000000714800000, 0x0000000714800000, 0x0000000715000000|  0%| F|  |TAMS 0x0000000714800000, 0x0000000714800000| Untracked 
|1066|0x0000000715000000, 0x0000000715000000, 0x0000000715800000|  0%| F|  |TAMS 0x0000000715000000, 0x0000000715000000| Untracked 
|1067|0x0000000715800000, 0x0000000715800000, 0x0000000716000000|  0%| F|  |TAMS 0x0000000715800000, 0x0000000715800000| Untracked 
|1068|0x0000000716000000, 0x0000000716800000, 0x0000000716800000|100%| S|CS|TAMS 0x0000000716000000, 0x0000000716000000| Complete 
|1069|0x0000000716800000, 0x0000000717000000, 0x0000000717000000|100%| S|CS|TAMS 0x0000000716800000, 0x0000000716800000| Complete 
|1070|0x0000000717000000, 0x0000000717800000, 0x0000000717800000|100%| S|CS|TAMS 0x0000000717000000, 0x0000000717000000| Complete 
|1071|0x0000000717800000, 0x0000000718000000, 0x0000000718000000|100%| S|CS|TAMS 0x0000000717800000, 0x0000000717800000| Complete 
|1072|0x0000000718000000, 0x0000000718800000, 0x0000000718800000|100%| S|CS|TAMS 0x0000000718000000, 0x0000000718000000| Complete 
|1073|0x0000000718800000, 0x0000000719000000, 0x0000000719000000|100%| S|CS|TAMS 0x0000000718800000, 0x0000000718800000| Complete 
|1074|0x0000000719000000, 0x0000000719000000, 0x0000000719800000|  0%| F|  |TAMS 0x0000000719000000, 0x0000000719000000| Untracked 
|1075|0x0000000719800000, 0x0000000719800000, 0x000000071a000000|  0%| F|  |TAMS 0x0000000719800000, 0x0000000719800000| Untracked 
|1076|0x000000071a000000, 0x000000071a000000, 0x000000071a800000|  0%| F|  |TAMS 0x000000071a000000, 0x000000071a000000| Untracked 
|1077|0x000000071a800000, 0x000000071a800000, 0x000000071b000000|  0%| F|  |TAMS 0x000000071a800000, 0x000000071a800000| Untracked 
|1078|0x000000071b000000, 0x000000071b000000, 0x000000071b800000|  0%| F|  |TAMS 0x000000071b000000, 0x000000071b000000| Untracked 
|1079|0x000000071b800000, 0x000000071b800000, 0x000000071c000000|  0%| F|  |TAMS 0x000000071b800000, 0x000000071b800000| Untracked 
|1080|0x000000071c000000, 0x000000071c800000, 0x000000071c800000|100%| S|CS|TAMS 0x000000071c000000, 0x000000071c000000| Complete 
|1081|0x000000071c800000, 0x000000071d000000, 0x000000071d000000|100%| S|CS|TAMS 0x000000071c800000, 0x000000071c800000| Complete 
|1082|0x000000071d000000, 0x000000071d800000, 0x000000071d800000|100%| S|CS|TAMS 0x000000071d000000, 0x000000071d000000| Complete 
|1083|0x000000071d800000, 0x000000071e000000, 0x000000071e000000|100%| S|CS|TAMS 0x000000071d800000, 0x000000071d800000| Complete 
|1084|0x000000071e000000, 0x000000071e000000, 0x000000071e800000|  0%| F|  |TAMS 0x000000071e000000, 0x000000071e000000| Untracked 
|1085|0x000000071e800000, 0x000000071e800000, 0x000000071f000000|  0%| F|  |TAMS 0x000000071e800000, 0x000000071e800000| Untracked 
|1086|0x000000071f000000, 0x000000071f000000, 0x000000071f800000|  0%| F|  |TAMS 0x000000071f000000, 0x000000071f000000| Untracked 
|1087|0x000000071f800000, 0x000000071f800000, 0x0000000720000000|  0%| F|  |TAMS 0x000000071f800000, 0x000000071f800000| Untracked 
|1088|0x0000000720000000, 0x0000000720000000, 0x0000000720800000|  0%| F|  |TAMS 0x0000000720000000, 0x0000000720000000| Untracked 
|1089|0x0000000720800000, 0x0000000720800000, 0x0000000721000000|  0%| F|  |TAMS 0x0000000720800000, 0x0000000720800000| Untracked 
|1090|0x0000000721000000, 0x0000000721000000, 0x0000000721800000|  0%| F|  |TAMS 0x0000000721000000, 0x0000000721000000| Untracked 
|1091|0x0000000721800000, 0x0000000721800000, 0x0000000722000000|  0%| F|  |TAMS 0x0000000721800000, 0x0000000721800000| Untracked 
|1092|0x0000000722000000, 0x0000000722000000, 0x0000000722800000|  0%| F|  |TAMS 0x0000000722000000, 0x0000000722000000| Untracked 
|1093|0x0000000722800000, 0x0000000722800000, 0x0000000723000000|  0%| F|  |TAMS 0x0000000722800000, 0x0000000722800000| Untracked 
|1094|0x0000000723000000, 0x0000000723000000, 0x0000000723800000|  0%| F|  |TAMS 0x0000000723000000, 0x0000000723000000| Untracked 
|1095|0x0000000723800000, 0x0000000723800000, 0x0000000724000000|  0%| F|  |TAMS 0x0000000723800000, 0x0000000723800000| Untracked 
|1096|0x0000000724000000, 0x0000000724000000, 0x0000000724800000|  0%| F|  |TAMS 0x0000000724000000, 0x0000000724000000| Untracked 
|1097|0x0000000724800000, 0x0000000724800000, 0x0000000725000000|  0%| F|  |TAMS 0x0000000724800000, 0x0000000724800000| Untracked 
|1098|0x0000000725000000, 0x0000000725000000, 0x0000000725800000|  0%| F|  |TAMS 0x0000000725000000, 0x0000000725000000| Untracked 
|1099|0x0000000725800000, 0x0000000725800000, 0x0000000726000000|  0%| F|  |TAMS 0x0000000725800000, 0x0000000725800000| Untracked 
|1100|0x0000000726000000, 0x0000000726000000, 0x0000000726800000|  0%| F|  |TAMS 0x0000000726000000, 0x0000000726000000| Untracked 
|1101|0x0000000726800000, 0x0000000726800000, 0x0000000727000000|  0%| F|  |TAMS 0x0000000726800000, 0x0000000726800000| Untracked 
|1102|0x0000000727000000, 0x0000000727000000, 0x0000000727800000|  0%| F|  |TAMS 0x0000000727000000, 0x0000000727000000| Untracked 
|1103|0x0000000727800000, 0x0000000727800000, 0x0000000728000000|  0%| F|  |TAMS 0x0000000727800000, 0x0000000727800000| Untracked 
|1104|0x0000000728000000, 0x0000000728000000, 0x0000000728800000|  0%| F|  |TAMS 0x0000000728000000, 0x0000000728000000| Untracked 
|1105|0x0000000728800000, 0x0000000728800000, 0x0000000729000000|  0%| F|  |TAMS 0x0000000728800000, 0x0000000728800000| Untracked 
|1106|0x0000000729000000, 0x0000000729000000, 0x0000000729800000|  0%| F|  |TAMS 0x0000000729000000, 0x0000000729000000| Untracked 
|1107|0x0000000729800000, 0x0000000729800000, 0x000000072a000000|  0%| F|  |TAMS 0x0000000729800000, 0x0000000729800000| Untracked 
|1108|0x000000072a000000, 0x000000072a000000, 0x000000072a800000|  0%| F|  |TAMS 0x000000072a000000, 0x000000072a000000| Untracked 
|1109|0x000000072a800000, 0x000000072a800000, 0x000000072b000000|  0%| F|  |TAMS 0x000000072a800000, 0x000000072a800000| Untracked 
|1110|0x000000072b000000, 0x000000072b000000, 0x000000072b800000|  0%| F|  |TAMS 0x000000072b000000, 0x000000072b000000| Untracked 
|1111|0x000000072b800000, 0x000000072b800000, 0x000000072c000000|  0%| F|  |TAMS 0x000000072b800000, 0x000000072b800000| Untracked 
|1112|0x000000072c000000, 0x000000072c000000, 0x000000072c800000|  0%| F|  |TAMS 0x000000072c000000, 0x000000072c000000| Untracked 
|1113|0x000000072c800000, 0x000000072c800000, 0x000000072d000000|  0%| F|  |TAMS 0x000000072c800000, 0x000000072c800000| Untracked 
|1114|0x000000072d000000, 0x000000072d000000, 0x000000072d800000|  0%| F|  |TAMS 0x000000072d000000, 0x000000072d000000| Untracked 
|1115|0x000000072d800000, 0x000000072d800000, 0x000000072e000000|  0%| F|  |TAMS 0x000000072d800000, 0x000000072d800000| Untracked 
|1116|0x000000072e000000, 0x000000072e000000, 0x000000072e800000|  0%| F|  |TAMS 0x000000072e000000, 0x000000072e000000| Untracked 
|1117|0x000000072e800000, 0x000000072e800000, 0x000000072f000000|  0%| F|  |TAMS 0x000000072e800000, 0x000000072e800000| Untracked 
|1118|0x000000072f000000, 0x000000072f000000, 0x000000072f800000|  0%| F|  |TAMS 0x000000072f000000, 0x000000072f000000| Untracked 
|1119|0x000000072f800000, 0x000000072f800000, 0x0000000730000000|  0%| F|  |TAMS 0x000000072f800000, 0x000000072f800000| Untracked 
|1120|0x0000000730000000, 0x0000000730000000, 0x0000000730800000|  0%| F|  |TAMS 0x0000000730000000, 0x0000000730000000| Untracked 
|1121|0x0000000730800000, 0x0000000730800000, 0x0000000731000000|  0%| F|  |TAMS 0x0000000730800000, 0x0000000730800000| Untracked 
|1122|0x0000000731000000, 0x0000000731000000, 0x0000000731800000|  0%| F|  |TAMS 0x0000000731000000, 0x0000000731000000| Untracked 
|1123|0x0000000731800000, 0x0000000731800000, 0x0000000732000000|  0%| F|  |TAMS 0x0000000731800000, 0x0000000731800000| Untracked 
|1124|0x0000000732000000, 0x0000000732000000, 0x0000000732800000|  0%| F|  |TAMS 0x0000000732000000, 0x0000000732000000| Untracked 
|1125|0x0000000732800000, 0x0000000732800000, 0x0000000733000000|  0%| F|  |TAMS 0x0000000732800000, 0x0000000732800000| Untracked 
|1126|0x0000000733000000, 0x0000000733000000, 0x0000000733800000|  0%| F|  |TAMS 0x0000000733000000, 0x0000000733000000| Untracked 
|1127|0x0000000733800000, 0x0000000733800000, 0x0000000734000000|  0%| F|  |TAMS 0x0000000733800000, 0x0000000733800000| Untracked 
|1128|0x0000000734000000, 0x0000000734000000, 0x0000000734800000|  0%| F|  |TAMS 0x0000000734000000, 0x0000000734000000| Untracked 
|1129|0x0000000734800000, 0x0000000734800000, 0x0000000735000000|  0%| F|  |TAMS 0x0000000734800000, 0x0000000734800000| Untracked 
|1130|0x0000000735000000, 0x0000000735000000, 0x0000000735800000|  0%| F|  |TAMS 0x0000000735000000, 0x0000000735000000| Untracked 
|1131|0x0000000735800000, 0x0000000735800000, 0x0000000736000000|  0%| F|  |TAMS 0x0000000735800000, 0x0000000735800000| Untracked 
|1132|0x0000000736000000, 0x0000000736000000, 0x0000000736800000|  0%| F|  |TAMS 0x0000000736000000, 0x0000000736000000| Untracked 
|1133|0x0000000736800000, 0x0000000736800000, 0x0000000737000000|  0%| F|  |TAMS 0x0000000736800000, 0x0000000736800000| Untracked 
|1134|0x0000000737000000, 0x0000000737000000, 0x0000000737800000|  0%| F|  |TAMS 0x0000000737000000, 0x0000000737000000| Untracked 
|1135|0x0000000737800000, 0x0000000737800000, 0x0000000738000000|  0%| F|  |TAMS 0x0000000737800000, 0x0000000737800000| Untracked 
|1136|0x0000000738000000, 0x0000000738000000, 0x0000000738800000|  0%| F|  |TAMS 0x0000000738000000, 0x0000000738000000| Untracked 
|1137|0x0000000738800000, 0x0000000738800000, 0x0000000739000000|  0%| F|  |TAMS 0x0000000738800000, 0x0000000738800000| Untracked 
|1138|0x0000000739000000, 0x0000000739000000, 0x0000000739800000|  0%| F|  |TAMS 0x0000000739000000, 0x0000000739000000| Untracked 
|1139|0x0000000739800000, 0x0000000739800000, 0x000000073a000000|  0%| F|  |TAMS 0x0000000739800000, 0x0000000739800000| Untracked 
|1140|0x000000073a000000, 0x000000073a000000, 0x000000073a800000|  0%| F|  |TAMS 0x000000073a000000, 0x000000073a000000| Untracked 
|1141|0x000000073a800000, 0x000000073a800000, 0x000000073b000000|  0%| F|  |TAMS 0x000000073a800000, 0x000000073a800000| Untracked 
|1142|0x000000073b000000, 0x000000073b000000, 0x000000073b800000|  0%| F|  |TAMS 0x000000073b000000, 0x000000073b000000| Untracked 
|1143|0x000000073b800000, 0x000000073b800000, 0x000000073c000000|  0%| F|  |TAMS 0x000000073b800000, 0x000000073b800000| Untracked 
|1144|0x000000073c000000, 0x000000073c000000, 0x000000073c800000|  0%| F|  |TAMS 0x000000073c000000, 0x000000073c000000| Untracked 
|1145|0x000000073c800000, 0x000000073c800000, 0x000000073d000000|  0%| F|  |TAMS 0x000000073c800000, 0x000000073c800000| Untracked 
|1146|0x000000073d000000, 0x000000073d000000, 0x000000073d800000|  0%| F|  |TAMS 0x000000073d000000, 0x000000073d000000| Untracked 
|1147|0x000000073d800000, 0x000000073d800000, 0x000000073e000000|  0%| F|  |TAMS 0x000000073d800000, 0x000000073d800000| Untracked 
|1148|0x000000073e000000, 0x000000073e000000, 0x000000073e800000|  0%| F|  |TAMS 0x000000073e000000, 0x000000073e000000| Untracked 
|1149|0x000000073e800000, 0x000000073e800000, 0x000000073f000000|  0%| F|  |TAMS 0x000000073e800000, 0x000000073e800000| Untracked 
|1150|0x000000073f000000, 0x000000073f000000, 0x000000073f800000|  0%| F|  |TAMS 0x000000073f000000, 0x000000073f000000| Untracked 
|1151|0x000000073f800000, 0x000000073f800000, 0x0000000740000000|  0%| F|  |TAMS 0x000000073f800000, 0x000000073f800000| Untracked 

Card table byte_map: [0x0000018afc000000,0x0000018afd800000] _byte_map_base: 0x0000018af9800000

Marking Bits (Prev, Next): (CMBitMap*) 0x0000018aff0317e0, (CMBitMap*) 0x0000018aff031820
 Prev Bits: [0x0000018a80000000, 0x0000018a8c000000)
 Next Bits: [0x0000018a8c000000, 0x0000018a98000000)

Polling page: 0x0000018ae2f10000

Metaspace:

Usage:
  Non-class:      1.68 MB used.
      Class:    117.13 KB used.
       Both:      1.80 MB used.

Virtual space:
  Non-class space:       64.00 MB reserved,       1.75 MB (  3%) committed,  1 nodes.
      Class space:        1.00 GB reserved,     192.00 KB ( <1%) committed,  1 nodes.
             Both:        1.06 GB reserved,       1.94 MB ( <1%) committed. 

Chunk freelists:
   Non-Class:  11.39 MB
       Class:  15.64 MB
        Both:  27.03 MB

MaxMetaspaceSize: unlimited
CompressedClassSpaceSize: 1.00 GB
Initial GC threshold: 21.00 MB
Current GC threshold: 21.00 MB
CDS: on
MetaspaceReclaimPolicy: balanced
 - commit_granule_bytes: 65536.
 - commit_granule_words: 8192.
 - virtual_space_node_default_size: 8388608.
 - enlarge_chunks_in_place: 1.
 - new_chunks_are_fully_committed: 0.
 - uncommit_free_chunks: 1.
 - use_allocation_guard: 0.
 - handle_deallocations: 1.


Internal statistics:

num_allocs_failed_limit: 0.
num_arena_births: 126.
num_arena_deaths: 0.
num_vsnodes_births: 2.
num_vsnodes_deaths: 0.
num_space_committed: 31.
num_space_uncommitted: 0.
num_chunks_returned_to_freelist: 0.
num_chunks_taken_from_freelist: 173.
num_chunk_merges: 0.
num_chunk_splits: 116.
num_chunks_enlarged: 68.
num_inconsistent_stats: 0.

CodeHeap 'non-profiled nmethods': size=120000Kb used=2044Kb max_used=2044Kb free=117955Kb
 bounds [0x0000018af2d70000, 0x0000018af2fe0000, 0x0000018afa2a0000]
CodeHeap 'profiled nmethods': size=120000Kb used=2840Kb max_used=2840Kb free=117159Kb
 bounds [0x0000018aeb2a0000, 0x0000018aeb570000, 0x0000018af27d0000]
CodeHeap 'non-nmethods': size=5760Kb used=1128Kb max_used=1177Kb free=4631Kb
 bounds [0x0000018af27d0000, 0x0000018af2a40000, 0x0000018af2d70000]
 total_blobs=2020 nmethods=1624 adapters=309
 compilation: enabled
              stopped_count=0, restarted_count=0
 full_count=0

Compilation events (20 events):
Event: 240.384 Thread 0x0000018aff1c8a90 1617       3       java.util.regex.Matcher::reset (128 bytes)
Event: 240.384 Thread 0x0000018aff1bcd50 1618       4       java.util.regex.Pattern$BmpCharProperty::match (55 bytes)
Event: 240.384 Thread 0x0000018aff1c8a90 nmethod 1617 0x0000018aeb562210 code [0x0000018aeb562400, 0x0000018aeb5629b8]
Event: 240.384 Thread 0x0000018aff1c8a90 1619       1       java.util.Formatter$Flags::valueOf (5 bytes)
Event: 240.384 Thread 0x0000018aff1c8a90 nmethod 1619 0x0000018af2f69a90 code [0x0000018af2f69c20, 0x0000018af2f69cf8]
Event: 240.387 Thread 0x0000018aff1bcd50 nmethod 1618 0x0000018af2f69d90 code [0x0000018af2f69f40, 0x0000018af2f6a3f8]
Event: 272.719 Thread 0x0000018aff1c8a90 1620       3       java.util.HashMap::putVal (300 bytes)
Event: 272.726 Thread 0x0000018aff1c8a90 nmethod 1620 0x0000018aeb562c10 code [0x0000018aeb562ec0, 0x0000018aeb564038]
Event: 272.745 Thread 0x0000018aff1bcd50 1621       4       java.util.HashMap::putVal (300 bytes)
Event: 272.781 Thread 0x0000018aff1bcd50 nmethod 1621 0x0000018af2f6a910 code [0x0000018af2f6ab40, 0x0000018af2f6c0c8]
Event: 300.394 Thread 0x0000018aff1c8a90 1622       1       java.lang.AbstractStringBuilder::length (5 bytes)
Event: 300.394 Thread 0x0000018aff1bcd50 1623       4       java.nio.CharBuffer::arrayOffset (35 bytes)
Event: 300.394 Thread 0x0000018aff1c8a90 nmethod 1622 0x0000018af2f6ca10 code [0x0000018af2f6cba0, 0x0000018af2f6cc78]
Event: 300.395 Thread 0x0000018aff1bcd50 nmethod 1623 0x0000018af2f6cd10 code [0x0000018af2f6ce80, 0x0000018af2f6cf38]
Event: 300.975 Thread 0x0000018aff1c8a90 1624       3       java.util.HashMap::putVal (300 bytes)
Event: 300.976 Thread 0x0000018aff1c8a90 nmethod 1624 0x0000018aeb564510 code [0x0000018aeb5647c0, 0x0000018aeb565938]
Event: 301.003 Thread 0x0000018aff1bcd50 1625       4       java.util.HashMap::putVal (300 bytes)
Event: 301.021 Thread 0x0000018aff1bcd50 nmethod 1625 0x0000018af2f6d010 code [0x0000018af2f6d240, 0x0000018af2f6e7b0]
Event: 312.355 Thread 0x0000018aff1c8a90 1626       3       java.util.HashSet::contains (9 bytes)
Event: 312.356 Thread 0x0000018aff1c8a90 nmethod 1626 0x0000018aeb565e10 code [0x0000018aeb565fc0, 0x0000018aeb566248]

GC Heap History (20 events):
Event: 347.874 GC heap after
{Heap after GC invocations=182 (full 0):
 garbage-first heap   total 8912896K, used 2888591K [0x0000000500000000, 0x0000000800000000)
  region size 8192K, 7 young (57344K), 7 survivors (57344K)
 Metaspace       used 1841K, committed 1984K, reserved 1114112K
  class space    used 117K, committed 192K, reserved 1048576K
}
Event: 349.055 GC heap before
{Heap before GC invocations=182 (full 0):
 garbage-first heap   total 8912896K, used 3273615K [0x0000000500000000, 0x0000000800000000)
  region size 8192K, 54 young (442368K), 7 survivors (57344K)
 Metaspace       used 1841K, committed 1984K, reserved 1114112K
  class space    used 117K, committed 192K, reserved 1048576K
}
Event: 349.205 GC heap after
{Heap after GC invocations=183 (full 0):
 garbage-first heap   total 8912896K, used 2920418K [0x0000000500000000, 0x0000000800000000)
  region size 8192K, 7 young (57344K), 7 survivors (57344K)
 Metaspace       used 1841K, committed 1984K, reserved 1114112K
  class space    used 117K, committed 192K, reserved 1048576K
}
Event: 350.441 GC heap before
{Heap before GC invocations=183 (full 0):
 garbage-first heap   total 8912896K, used 3305442K [0x0000000500000000, 0x0000000800000000)
  region size 8192K, 54 young (442368K), 7 survivors (57344K)
 Metaspace       used 1841K, committed 1984K, reserved 1114112K
  class space    used 117K, committed 192K, reserved 1048576K
}
Event: 350.616 GC heap after
{Heap after GC invocations=184 (full 0):
 garbage-first heap   total 9175040K, used 2949120K [0x0000000500000000, 0x0000000800000000)
  region size 8192K, 7 young (57344K), 7 survivors (57344K)
 Metaspace       used 1841K, committed 1984K, reserved 1114112K
  class space    used 117K, committed 192K, reserved 1048576K
}
Event: 351.905 GC heap before
{Heap before GC invocations=184 (full 0):
 garbage-first heap   total 9175040K, used 3350528K [0x0000000500000000, 0x0000000800000000)
  region size 8192K, 56 young (458752K), 7 survivors (57344K)
 Metaspace       used 1841K, committed 1984K, reserved 1114112K
  class space    used 117K, committed 192K, reserved 1048576K
}
Event: 352.034 GC heap after
{Heap after GC invocations=185 (full 0):
 garbage-first heap   total 9175040K, used 2984548K [0x0000000500000000, 0x0000000800000000)
  region size 8192K, 7 young (57344K), 7 survivors (57344K)
 Metaspace       used 1841K, committed 1984K, reserved 1114112K
  class space    used 117K, committed 192K, reserved 1048576K
}
Event: 353.158 GC heap before
{Heap before GC invocations=185 (full 0):
 garbage-first heap   total 9175040K, used 3385956K [0x0000000500000000, 0x0000000800000000)
  region size 8192K, 56 young (458752K), 7 survivors (57344K)
 Metaspace       used 1841K, committed 1984K, reserved 1114112K
  class space    used 117K, committed 192K, reserved 1048576K
}
Event: 353.282 GC heap after
{Heap after GC invocations=186 (full 0):
 garbage-first heap   total 9175040K, used 3017139K [0x0000000500000000, 0x0000000800000000)
  region size 8192K, 7 young (57344K), 7 survivors (57344K)
 Metaspace       used 1841K, committed 1984K, reserved 1114112K
  class space    used 117K, committed 192K, reserved 1048576K
}
Event: 354.584 GC heap before
{Heap before GC invocations=186 (full 0):
 garbage-first heap   total 9175040K, used 3418547K [0x0000000500000000, 0x0000000800000000)
  region size 8192K, 56 young (458752K), 7 survivors (57344K)
 Metaspace       used 1841K, committed 1984K, reserved 1114112K
  class space    used 117K, committed 192K, reserved 1048576K
}
Event: 354.748 GC heap after
{Heap after GC invocations=187 (full 0):
 garbage-first heap   total 9175040K, used 3050991K [0x0000000500000000, 0x0000000800000000)
  region size 8192K, 7 young (57344K), 7 survivors (57344K)
 Metaspace       used 1841K, committed 1984K, reserved 1114112K
  class space    used 117K, committed 192K, reserved 1048576K
}
Event: 355.940 GC heap before
{Heap before GC invocations=187 (full 0):
 garbage-first heap   total 9175040K, used 3452399K [0x0000000500000000, 0x0000000800000000)
  region size 8192K, 56 young (458752K), 7 survivors (57344K)
 Metaspace       used 1841K, committed 1984K, reserved 1114112K
  class space    used 117K, committed 192K, reserved 1048576K
}
Event: 356.066 GC heap after
{Heap after GC invocations=188 (full 0):
 garbage-first heap   total 9437184K, used 3085039K [0x0000000500000000, 0x0000000800000000)
  region size 8192K, 7 young (57344K), 7 survivors (57344K)
 Metaspace       used 1841K, committed 1984K, reserved 1114112K
  class space    used 117K, committed 192K, reserved 1048576K
}
Event: 357.415 GC heap before
{Heap before GC invocations=188 (full 0):
 garbage-first heap   total 9437184K, used 3519215K [0x0000000500000000, 0x0000000800000000)
  region size 8192K, 60 young (491520K), 7 survivors (57344K)
 Metaspace       used 1841K, committed 1984K, reserved 1114112K
  class space    used 117K, committed 192K, reserved 1048576K
}
Event: 357.554 GC heap after
{Heap after GC invocations=189 (full 0):
 garbage-first heap   total 9437184K, used 3128101K [0x0000000500000000, 0x0000000800000000)
  region size 8192K, 8 young (65536K), 8 survivors (65536K)
 Metaspace       used 1841K, committed 1984K, reserved 1114112K
  class space    used 117K, committed 192K, reserved 1048576K
}
Event: 358.833 GC heap before
{Heap before GC invocations=189 (full 0):
 garbage-first heap   total 9437184K, used 3586853K [0x0000000500000000, 0x0000000800000000)
  region size 8192K, 64 young (524288K), 8 survivors (65536K)
 Metaspace       used 1841K, committed 1984K, reserved 1114112K
  class space    used 117K, committed 192K, reserved 1048576K
}
Event: 358.961 GC heap after
{Heap after GC invocations=190 (full 0):
 garbage-first heap   total 9437184K, used 3155796K [0x0000000500000000, 0x0000000800000000)
  region size 8192K, 8 young (65536K), 8 survivors (65536K)
 Metaspace       used 1841K, committed 1984K, reserved 1114112K
  class space    used 117K, committed 192K, reserved 1048576K
}
Event: 360.324 GC heap before
{Heap before GC invocations=190 (full 0):
 garbage-first heap   total 9437184K, used 3655508K [0x0000000500000000, 0x0000000800000000)
  region size 8192K, 69 young (565248K), 8 survivors (65536K)
 Metaspace       used 1841K, committed 1984K, reserved 1114112K
  class space    used 117K, committed 192K, reserved 1048576K
}
Event: 360.452 GC heap after
{Heap after GC invocations=191 (full 0):
 garbage-first heap   total 9437184K, used 3187205K [0x0000000500000000, 0x0000000800000000)
  region size 8192K, 9 young (73728K), 9 survivors (73728K)
 Metaspace       used 1841K, committed 1984K, reserved 1114112K
  class space    used 117K, committed 192K, reserved 1048576K
}
Event: 361.839 GC heap before
{Heap before GC invocations=191 (full 0):
 garbage-first heap   total 9437184K, used 3719685K [0x0000000500000000, 0x0000000800000000)
  region size 8192K, 74 young (606208K), 9 survivors (73728K)
 Metaspace       used 1841K, committed 1984K, reserved 1114112K
  class space    used 117K, committed 192K, reserved 1048576K
}

Dll operation events (3 events):
Event: 0.005 Loaded shared library D:\amazon-corretto-17.0.15.6.1-windows-x64-jdk\jdk17.0.15_6\bin\java.dll
Event: 0.017 Loaded shared library D:\amazon-corretto-17.0.15.6.1-windows-x64-jdk\jdk17.0.15_6\bin\jsvml.dll
Event: 0.069 Loaded shared library D:\amazon-corretto-17.0.15.6.1-windows-x64-jdk\jdk17.0.15_6\bin\jimage.dll

Deoptimization events (20 events):
Event: 120.360 Thread 0x0000018ae375b9f0 DEOPT PACKING pc=0x0000018af2dc4748 sp=0x0000004dec9fed40
Event: 120.360 Thread 0x0000018ae375b9f0 DEOPT UNPACKING pc=0x0000018af282a1a3 sp=0x0000004dec9feca0 mode 2
Event: 120.360 Thread 0x0000018ae375b9f0 Uncommon trap: trap_request=0xffffffbe fr.pc=0x0000018af2dc4748 relative=0x00000000000004e8
Event: 120.360 Thread 0x0000018ae375b9f0 Uncommon trap: reason=profile_predicate action=maybe_recompile pc=0x0000018af2dc4748 method=java.util.regex.Pattern$Start.match(Ljava/util/regex/Matcher;ILjava/lang/CharSequence;)Z @ 34 c2
Event: 120.360 Thread 0x0000018ae375b9f0 DEOPT PACKING pc=0x0000018af2dc4748 sp=0x0000004dec9fed40
Event: 120.360 Thread 0x0000018ae375b9f0 DEOPT UNPACKING pc=0x0000018af282a1a3 sp=0x0000004dec9feca0 mode 2
Event: 125.895 Thread 0x0000018ae375b9f0 DEOPT PACKING pc=0x0000018aeb55b023 sp=0x0000004dec9ff120
Event: 125.895 Thread 0x0000018ae375b9f0 DEOPT UNPACKING pc=0x0000018af282ace3 sp=0x0000004dec9fe768 mode 0
Event: 272.694 Thread 0x0000018ae375b9f0 Uncommon trap: trap_request=0xffffff45 fr.pc=0x0000018af2e68b5c relative=0x00000000000003bc
Event: 272.695 Thread 0x0000018ae375b9f0 Uncommon trap: reason=unstable_if action=reinterpret pc=0x0000018af2e68b5c method=java.util.HashMap.putVal(ILjava/lang/Object;Ljava/lang/Object;ZZ)Ljava/lang/Object; @ 162 c2
Event: 272.698 Thread 0x0000018ae375b9f0 DEOPT PACKING pc=0x0000018af2e68b5c sp=0x0000004dec9fef10
Event: 272.699 Thread 0x0000018ae375b9f0 DEOPT UNPACKING pc=0x0000018af282a1a3 sp=0x0000004dec9feec0 mode 2
Event: 300.957 Thread 0x0000018ae375b9f0 Uncommon trap: trap_request=0xffffff45 fr.pc=0x0000018af2e0c414 relative=0x00000000000003d4
Event: 300.957 Thread 0x0000018ae375b9f0 Uncommon trap: reason=unstable_if action=reinterpret pc=0x0000018af2e0c414 method=java.util.HashMap.getNode(Ljava/lang/Object;)Ljava/util/HashMap$Node; @ 85 c2
Event: 300.957 Thread 0x0000018ae375b9f0 DEOPT PACKING pc=0x0000018af2e0c414 sp=0x0000004dec9fef70
Event: 300.957 Thread 0x0000018ae375b9f0 DEOPT UNPACKING pc=0x0000018af282a1a3 sp=0x0000004dec9fee20 mode 2
Event: 300.957 Thread 0x0000018ae375b9f0 Uncommon trap: trap_request=0xffffff45 fr.pc=0x0000018af2f6bc2c relative=0x00000000000010ec
Event: 300.957 Thread 0x0000018ae375b9f0 Uncommon trap: reason=unstable_if action=reinterpret pc=0x0000018af2f6bc2c method=java.util.HashMap.putVal(ILjava/lang/Object;Ljava/lang/Object;ZZ)Ljava/lang/Object; @ 109 c2
Event: 300.957 Thread 0x0000018ae375b9f0 DEOPT PACKING pc=0x0000018af2f6bc2c sp=0x0000004dec9fef10
Event: 300.957 Thread 0x0000018ae375b9f0 DEOPT UNPACKING pc=0x0000018af282a1a3 sp=0x0000004dec9feec8 mode 2

Classes loaded (20 events):
Event: 0.318 Loading class java/io/FileWriter
Event: 0.318 Loading class java/io/FileWriter done
Event: 0.322 Loading class java/io/PrintWriter
Event: 0.322 Loading class java/io/PrintWriter done
Event: 0.352 Loading class java/util/LinkedList$ListItr
Event: 0.352 Loading class java/util/LinkedList$ListItr done
Event: 0.352 Loading class java/util/PriorityQueue
Event: 0.352 Loading class java/util/AbstractQueue
Event: 0.352 Loading class java/util/AbstractQueue done
Event: 0.353 Loading class java/util/PriorityQueue done
Event: 60.351 Loading class java/util/Formatter$FixedString
Event: 60.352 Loading class java/util/Formatter$FixedString done
Event: 60.352 Loading class jdk/internal/math/FormattedFloatingDecimal$Form
Event: 60.352 Loading class jdk/internal/math/FormattedFloatingDecimal$Form done
Event: 60.352 Loading class jdk/internal/math/FormattedFloatingDecimal
Event: 60.352 Loading class jdk/internal/math/FormattedFloatingDecimal done
Event: 60.352 Loading class jdk/internal/math/FormattedFloatingDecimal$1
Event: 60.352 Loading class jdk/internal/math/FormattedFloatingDecimal$1 done
Event: 60.352 Loading class jdk/internal/math/FormattedFloatingDecimal$2
Event: 60.352 Loading class jdk/internal/math/FormattedFloatingDecimal$2 done

Classes unloaded (0 events):
No events

Classes redefined (0 events):
No events

Internal exceptions (4 events):
Event: 0.091 Thread 0x0000018ae375b9f0 Exception <a 'java/lang/NoSuchMethodError'{0x000000050faf37f8}: 'java.lang.Object java.lang.invoke.DirectMethodHandle$Holder.invokeSpecial(java.lang.Object, java.lang.Object, double, double)'> (0x000000050faf37f8) 
thrown [s\src\hotspot\share\interpreter\linkResolver.cpp, line 759]
Event: 1.474 Thread 0x0000018ae375b9f0 Implicit null exception at 0x0000018af2ecae94 to 0x0000018af2ecb550
Event: 1.952 Thread 0x0000018ae375b9f0 Implicit null exception at 0x0000018af2ebb733 to 0x0000018af2ebddd8
Event: 60.352 Thread 0x0000018ae375b9f0 Implicit null exception at 0x0000018af2dcda7f to 0x0000018af2dcdb00

VM Operations (20 events):
Event: 347.874 Executing VM operation: G1CollectForAllocation done
Event: 349.055 Executing VM operation: G1CollectForAllocation
Event: 349.205 Executing VM operation: G1CollectForAllocation done
Event: 350.441 Executing VM operation: G1CollectForAllocation
Event: 350.616 Executing VM operation: G1CollectForAllocation done
Event: 351.905 Executing VM operation: G1CollectForAllocation
Event: 352.035 Executing VM operation: G1CollectForAllocation done
Event: 353.158 Executing VM operation: G1CollectForAllocation
Event: 353.282 Executing VM operation: G1CollectForAllocation done
Event: 354.584 Executing VM operation: G1CollectForAllocation
Event: 354.748 Executing VM operation: G1CollectForAllocation done
Event: 355.940 Executing VM operation: G1CollectForAllocation
Event: 356.066 Executing VM operation: G1CollectForAllocation done
Event: 357.415 Executing VM operation: G1CollectForAllocation
Event: 357.554 Executing VM operation: G1CollectForAllocation done
Event: 358.833 Executing VM operation: G1CollectForAllocation
Event: 358.961 Executing VM operation: G1CollectForAllocation done
Event: 360.324 Executing VM operation: G1CollectForAllocation
Event: 360.452 Executing VM operation: G1CollectForAllocation done
Event: 361.839 Executing VM operation: G1CollectForAllocation

Memory protections (0 events):
No events

Nmethod flushes (0 events):
No events

Events (18 events):
Event: 0.017 Thread 0x0000018ae375b9f0 Thread added: 0x0000018ae375b9f0
Event: 0.019 Thread 0x0000018ae375b9f0 Thread added: 0x0000018aff197d20
Event: 0.019 Thread 0x0000018ae375b9f0 Thread added: 0x0000018aff1985f0
Event: 0.025 Thread 0x0000018ae375b9f0 Thread added: 0x0000018aff1b56b0
Event: 0.025 Thread 0x0000018ae375b9f0 Thread added: 0x0000018aff1b5f80
Event: 0.025 Thread 0x0000018ae375b9f0 Thread added: 0x0000018aff1b7860
Event: 0.025 Thread 0x0000018ae375b9f0 Thread added: 0x0000018aff1b8130
Event: 0.025 Thread 0x0000018ae375b9f0 Thread added: 0x0000018aff1bcd50
Event: 0.025 Thread 0x0000018ae375b9f0 Thread added: 0x0000018aff1c8a90
Event: 0.025 Thread 0x0000018ae375b9f0 Thread added: 0x0000018aff1cc8a0
Event: 0.034 Thread 0x0000018ae375b9f0 Thread added: 0x0000018adb17b580
Event: 0.035 Thread 0x0000018ae375b9f0 Thread added: 0x0000018adb184550
Event: 0.102 Thread 0x0000018aff1c8a90 Thread added: 0x0000018adb1df060
Event: 0.122 Thread 0x0000018aff1c8a90 Thread added: 0x0000018adb3f7e30
Event: 1.594 Thread 0x0000018adb3f7e30 Thread exited: 0x0000018adb3f7e30
Event: 1.657 Thread 0x0000018adb1df060 Thread exited: 0x0000018adb1df060
Event: 5.983 Thread 0x0000018aff1bcd50 Thread added: 0x0000018ae0b55120
Event: 6.493 Thread 0x0000018ae0b55120 Thread exited: 0x0000018ae0b55120


Dynamic libraries:
0x00007ff6ef510000 - 0x00007ff6ef51e000 	D:\amazon-corretto-17.0.15.6.1-windows-x64-jdk\jdk17.0.15_6\bin\java.exe
0x00007ff8b4260000 - 0x00007ff8b44c8000 	C:\WINDOWS\SYSTEM32\ntdll.dll
0x00007ff8b3cf0000 - 0x00007ff8b3db9000 	C:\WINDOWS\System32\KERNEL32.DLL
0x00007ff8b1ac0000 - 0x00007ff8b1ead000 	C:\WINDOWS\System32\KERNELBASE.dll
0x00007ff8b1eb0000 - 0x00007ff8b1ffb000 	C:\WINDOWS\System32\ucrtbase.dll
0x00007ff8823e0000 - 0x00007ff8823f7000 	D:\amazon-corretto-17.0.15.6.1-windows-x64-jdk\jdk17.0.15_6\bin\jli.dll
0x00007ff882cd0000 - 0x00007ff882ceb000 	D:\amazon-corretto-17.0.15.6.1-windows-x64-jdk\jdk17.0.15_6\bin\VCRUNTIME140.dll
0x00007ff8b3e90000 - 0x00007ff8b405c000 	C:\WINDOWS\System32\USER32.dll
0x00007ff8b1a90000 - 0x00007ff8b1ab7000 	C:\WINDOWS\System32\win32u.dll
0x00007ff896140000 - 0x00007ff8963da000 	C:\WINDOWS\WinSxS\amd64_microsoft.windows.common-controls_6595b64144ccf1df_6.0.26100.4484_none_3e0e6d4ce32ef3b3\COMCTL32.dll
0x00007ff8b28e0000 - 0x00007ff8b290b000 	C:\WINDOWS\System32\GDI32.dll
0x00007ff8b2490000 - 0x00007ff8b2539000 	C:\WINDOWS\System32\msvcrt.dll
0x00007ff8b1680000 - 0x00007ff8b17b7000 	C:\WINDOWS\System32\gdi32full.dll
0x00007ff8b17c0000 - 0x00007ff8b1863000 	C:\WINDOWS\System32\msvcp_win.dll
0x00007ff8b2f10000 - 0x00007ff8b2f3f000 	C:\WINDOWS\System32\IMM32.DLL
0x00007ff8a5960000 - 0x00007ff8a596c000 	D:\amazon-corretto-17.0.15.6.1-windows-x64-jdk\jdk17.0.15_6\bin\vcruntime140_1.dll
0x00007ff861e40000 - 0x00007ff861ecd000 	D:\amazon-corretto-17.0.15.6.1-windows-x64-jdk\jdk17.0.15_6\bin\msvcp140.dll
0x00007fffb9d80000 - 0x00007fffba9ec000 	D:\amazon-corretto-17.0.15.6.1-windows-x64-jdk\jdk17.0.15_6\bin\server\jvm.dll
0x00007ff8b2540000 - 0x00007ff8b25f4000 	C:\WINDOWS\System32\ADVAPI32.dll
0x00007ff8b4060000 - 0x00007ff8b4106000 	C:\WINDOWS\System32\sechost.dll
0x00007ff8b2600000 - 0x00007ff8b2718000 	C:\WINDOWS\System32\RPCRT4.dll
0x00007ff8b41a0000 - 0x00007ff8b4214000 	C:\WINDOWS\System32\WS2_32.dll
0x00007ff8aff80000 - 0x00007ff8affde000 	C:\WINDOWS\SYSTEM32\POWRPROF.dll
0x00007ff8a6d20000 - 0x00007ff8a6d2b000 	C:\WINDOWS\SYSTEM32\VERSION.dll
0x00007ff89cc00000 - 0x00007ff89cc35000 	C:\WINDOWS\SYSTEM32\WINMM.dll
0x00007ff8aff60000 - 0x00007ff8aff74000 	C:\WINDOWS\SYSTEM32\UMPDC.dll
0x00007ff8b01e0000 - 0x00007ff8b01fb000 	C:\WINDOWS\SYSTEM32\kernel.appcore.dll
0x00007ff899560000 - 0x00007ff89956a000 	D:\amazon-corretto-17.0.15.6.1-windows-x64-jdk\jdk17.0.15_6\bin\jimage.dll
0x00007ff8aeb30000 - 0x00007ff8aed71000 	C:\WINDOWS\SYSTEM32\DBGHELP.DLL
0x00007ff8b37f0000 - 0x00007ff8b3b76000 	C:\WINDOWS\System32\combase.dll
0x00007ff8b3c00000 - 0x00007ff8b3ce0000 	C:\WINDOWS\System32\OLEAUT32.dll
0x00007ff892ae0000 - 0x00007ff892b23000 	C:\WINDOWS\SYSTEM32\dbgcore.DLL
0x00007ff8b19f0000 - 0x00007ff8b1a89000 	C:\WINDOWS\System32\bcryptPrimitives.dll
0x00007ff87bac0000 - 0x00007ff87bae5000 	D:\amazon-corretto-17.0.15.6.1-windows-x64-jdk\jdk17.0.15_6\bin\java.dll
0x00007ff861980000 - 0x00007ff861a57000 	D:\amazon-corretto-17.0.15.6.1-windows-x64-jdk\jdk17.0.15_6\bin\jsvml.dll
0x00007ff8b30a0000 - 0x00007ff8b37ea000 	C:\WINDOWS\System32\SHELL32.dll
0x00007ff8b1870000 - 0x00007ff8b19e4000 	C:\WINDOWS\System32\wintypes.dll
0x00007ff8aeff0000 - 0x00007ff8af84b000 	C:\WINDOWS\SYSTEM32\windows.storage.dll
0x00007ff8b21e0000 - 0x00007ff8b22d5000 	C:\WINDOWS\System32\SHCORE.dll
0x00007ff8b4130000 - 0x00007ff8b419a000 	C:\WINDOWS\System32\shlwapi.dll
0x00007ff8b12c0000 - 0x00007ff8b12ef000 	C:\WINDOWS\SYSTEM32\profapi.dll

dbghelp: loaded successfully - version: 4.0.5 - missing functions: none
symbol engine: initialized successfully - sym options: 0x614 - pdb path: .;D:\amazon-corretto-17.0.15.6.1-windows-x64-jdk\jdk17.0.15_6\bin;C:\WINDOWS\SYSTEM32;C:\WINDOWS\WinSxS\amd64_microsoft.windows.common-controls_6595b64144ccf1df_6.0.26100.4484_none_3e0e6d4ce32ef3b3;D:\amazon-corretto-17.0.15.6.1-windows-x64-jdk\jdk17.0.15_6\bin\server

VM Arguments:
jvm_args: -Xmx12G 
java_command: core.DTNSim -b 1 .\Bench_CCRouting_PaperReplication.txt
java_class_path (initial): target;lib/ECLA.jar;lib/DTNConsoleConnection.jar;lib/lombok.jar
Launcher Type: SUN_STANDARD

[Global flags]
     intx CICompilerCount                          = 4                                         {product} {ergonomic}
     uint ConcGCThreads                            = 3                                         {product} {ergonomic}
     uint G1ConcRefinementThreads                  = 10                                        {product} {ergonomic}
   size_t G1HeapRegionSize                         = 8388608                                   {product} {ergonomic}
    uintx GCDrainStackTargetSize                   = 64                                        {product} {ergonomic}
   size_t InitialHeapSize                          = 268435456                                 {product} {ergonomic}
   size_t MarkStackSize                            = 4194304                                   {product} {ergonomic}
   size_t MaxHeapSize                              = 12884901888                               {product} {command line}
   size_t MaxNewSize                               = 7725907968                                {product} {ergonomic}
   size_t MinHeapDeltaBytes                        = 8388608                                   {product} {ergonomic}
   size_t MinHeapSize                              = 8388608                                   {product} {ergonomic}
    uintx NonNMethodCodeHeapSize                   = 5839372                                {pd product} {ergonomic}
    uintx NonProfiledCodeHeapSize                  = 122909434                              {pd product} {ergonomic}
    uintx ProfiledCodeHeapSize                     = 122909434                              {pd product} {ergonomic}
    uintx ReservedCodeCacheSize                    = 251658240                              {pd product} {ergonomic}
     bool SegmentedCodeCache                       = true                                      {product} {ergonomic}
   size_t SoftMaxHeapSize                          = 12884901888                            {manageable} {ergonomic}
     bool UseCompressedClassPointers               = true                           {product lp64_product} {ergonomic}
     bool UseCompressedOops                        = true                           {product lp64_product} {ergonomic}
     bool UseG1GC                                  = true                                      {product} {ergonomic}
     bool UseLargePagesIndividualAllocation        = false                                  {pd product} {ergonomic}

Logging:
Log output configuration:
 #0: stdout all=warning uptime,level,tags
 #1: stderr all=off uptime,level,tags

Environment Variables:
JAVA_HOME=D:\amazon-corretto-17.0.15.6.1-windows-x64-jdk\jdk17.0.15_6
PATH=D:\amazon-corretto-17.0.15.6.1-windows-x64-jdk\jdk17.0.15_6\bin;C:\Program Files\Common Files\Oracle\Java\javapath;C:\oraclexe\app\oracle\product\11.2.0\server\bin;C:\Program Files (x86)\Common Files\Oracle\Java\javapath;C:\Windows\system32;C:\Windows;C:\Windows\System32\Wbem;C:\Windows\System32\WindowsPowerShell\v1.0\;C:\Windows\System32\OpenSSH\;C:\Program Files (x86)\NVIDIA Corporation\PhysX\Common;C:\WINDOWS\system32;C:\WINDOWS;C:\WINDOWS\System32\Wbem;C:\WINDOWS\System32\WindowsPowerShell\v1.0\;C:\WINDOWS\System32\OpenSSH\;C:\ProgramData\ComposerSetup\bin;C:\WINDOWS\system32\config\systemprofile\AppData\Roaming\Composer\vendor\bin;C:\Program Files\PostgreSQL\16\bin;D:\Xampp\php;D:\amazon-corretto-17.0.15.6.1-windows-x64-jdk\jdk17.0.15_6\bin;C:\Program Files\NVIDIA Corporation\NVIDIA app\NvDLISR;C:\apache-maven-3.9.9\bin;C:\Gradle\gradle-8.12.1\bin;C:\Program Files\Git\cmd;C:\Users\ACER\AppData\Roaming\npm;C:\Users\ACER\AppData\Roaming\nvm;C:\nvm4w\nodejs;;C:\Program Files\Docker\Docker\resources\bin;D:\Python\Scripts\;D:\Python\;C:\Users\ACER\AppData\Local\Programs\Microsoft VS Code\bin;C:\Users\ACER\AppData\Local\GitHubDesktop\bin;C:\Users\ACER\AppData\Roaming\Composer\vendor\bin;C:\php-8.3.7;C:\Users\ACER\AppData\Roaming\npm;C:\Users\ACER\.lmstudio\bin;C:\Users\ACER\AppData\Roaming\nvm;C:\nvm4w\nodejs;;C:\Users\ACER\AppData\Local\Microsoft\WindowsApps;D:\;C:\Users\ACER\AppData\Local\Programs\mongosh\;D:\Program Files\Antigravity\bin;C:\Users\ACER\AppData\Local\Programs\Ollama
USERNAME=ACER
LANG=en_US.UTF-8
OS=Windows_NT
PROCESSOR_IDENTIFIER=Intel64 Family 6 Model 141 Stepping 1, GenuineIntel
TMP=D:\PipTemp
TEMP=D:\PipTemp



Periodic native trim disabled


---------------  S Y S T E M  ---------------

OS:
 Windows 11 , 64 bit Build 26100 (10.0.26100.4484)
OS uptime: 7 days 21:33 hours
Hyper-V role detected

CPU: total 12 (initial active 12) (6 cores per cpu, 2 threads per core) family 6 model 141 stepping 1 microcode 0x3c, cx8, cmov, fxsr, ht, mmx, 3dnowpref, sse, sse2, sse3, ssse3, sse4.1, sse4.2, popcnt, lzcnt, tsc, tscinvbit, avx, avx2, aes, erms, clmul, bmi1, bmi2, adx, avx512f, avx512dq, avx512cd, avx512bw, avx512vl, sha, fma, vzeroupper, avx512_vpopcntdq, avx512_vpclmulqdq, avx512_vaes, avx512_vnni, clflush, clflushopt, clwb, avx512_vbmi2, avx512_vbmi, hv
Processor Information for all 12 processors :
  Max Mhz: 2688, Current Mhz: 2688, Mhz Limit: 2688

Memory: 4k page, system-wide physical 16163M (654M free)
TotalPageFile size 32247M (AvailPageFile size 5M)
current process WorkingSet (physical memory assigned to process): 6884M, peak: 7315M
current process commit charge ("private bytes"): 9822M, peak: 9824M

vm_info: OpenJDK 64-Bit Server VM (17.0.15+6-LTS) for windows-amd64 JRE (17.0.15+6-LTS), built on Apr  9 2025 23:33:55 by "Administrator" with MS VC++ 16.10 / 16.11 (VS2019)

END.
